review,rating,date,bank,source
yoroo namaste 🙏 ♥️ ❤️ 💖 💖,5,2026-05-14,CBE,Google Play
incredible,5,2026-05-14,CBE,Google Play
best app for financial sector,5,2026-05-14,CBE,Google Play
it's a good application,5,2026-05-13,CBE,Google Play
thank you cbe,5,2026-05-13,CBE,Google Play
is good,5,2026-05-13,CBE,Google Play
wow,5,2026-05-13,CBE,Google Play
Good application,2,2026-05-13,CBE,Google Play
"Nice, but I can't get some recently transactions. please try to keep all history scrolling full visibility done.",5,2026-05-13,CBE,Google Play
Very Secure but very poor interface and limited history service. The new colorful version is worst. Visibility and contrast are low. It is just my idea.,1,2026-05-13,CBE,Google Play
very nice 100%,5,2026-05-13,CBE,Google Play
good,5,2026-05-12,CBE,Google Play
Good to use,5,2026-05-12,CBE,Google Play
cbe,1,2026-05-12,CBE,Google Play
Cbe,4,2026-05-11,CBE,Google Play
best and secured,5,2026-05-11,CBE,Google Play
best,5,2026-05-11,CBE,Google Play
ok,5,2026-05-11,CBE,Google Play
good,5,2026-05-10,CBE,Google Play
why is my transaction fee hidden? Why doesn't the app show some of the transaction fees before. eg vat 15% show it togather before confirmation not after it feels like a scam.,3,2026-05-10,CBE,Google Play
Gal✅😶‍🌫️,1,2026-05-10,CBE,Google Play
posetive,5,2026-05-10,CBE,Google Play
እ. በ. ጥ. ነው,5,2026-05-10,CBE,Google Play
good,5,2026-05-09,CBE,Google Play
It is usefull app,5,2026-05-09,CBE,Google Play
this app is so functional for airtime for wallet and,5,2026-05-09,CBE,Google Play
very amazing app,5,2026-05-09,CBE,Google Play
excellent service,5,2026-05-09,CBE,Google Play
There is a a problem when updating the app,3,2026-05-09,CBE,Google Play
Cbe,3,2026-05-09,CBE,Google Play
smart app,4,2026-05-08,CBE,Google Play
best,5,2026-05-08,CBE,Google Play
"Internet Based mobile app for CBEBirr A Internet Based mobile app for CBEBirr. With the new Internet based CBEBirr Mobile App you can make every operations applicable via the USSD version of CBEBirr. This app version is the latest version branded as CBEBirr Plus, CBEBirr+, CBE Birr +, or CBE Birr plus.",1,2026-05-08,CBE,Google Play
CBE it's my excellent choice,5,2026-05-08,CBE,Google Play
Good,5,2026-05-08,CBE,Google Play
fast and time saving...,5,2026-05-08,CBE,Google Play
ok,5,2026-05-08,CBE,Google Play
ok,5,2026-05-07,CBE,Google Play
yesisgood,5,2026-05-07,CBE,Google Play
so good,5,2026-05-07,CBE,Google Play
"The app is getting worse and worse after every ""update"". The UI is inconsistent, you haven't fixed the issue with Mpesa wallet transfer ( the ""begin 0, end 1, length 0"" error after ever transfer attempt) ; now the tellbirr transfer raises ""Bucket override O-10094"" error. Test your work FULLY before release.",3,2026-05-07,CBE,Google Play
iam happy excellent app,5,2026-05-07,CBE,Google Play
is not work properly !!,3,2026-05-06,CBE,Google Play
አሪፍ አፕ ነው ገራሚ ሁኖ አግኝቼዋለሁ,5,2026-05-06,CBE,Google Play
When I update this app there isn't working,1,2026-05-06,CBE,Google Play
thanks you so much 👍 okay I am going to be like in,5,2026-05-05,CBE,Google Play
Best ever,1,2026-05-05,CBE,Google Play
features በጣም ወድጄዋለሁ ነገር ግን አንድ ችግር አይቼዋለሁ ።APPU DELETE በሆነ ጊዜ ቅርንጫፍ ማመላለሱና MB APPLICATION FORMAT ላይ በየጊዜው መፈረሙ አንድ ለባንኩ ወጪ ነው ሁለት ለደንበኞች Inconvenience ይፈጥራል አስተካክሉ,4,2026-05-05,CBE,Google Play
best,5,2026-05-05,CBE,Google Play
goood g,5,2026-05-05,CBE,Google Play
I like so much,5,2026-05-05,CBE,Google Play
This app has never been efficient at all,1,2026-05-04,CBE,Google Play
nice app.,5,2026-05-04,CBE,Google Play
"While the option to create or cancel standing orders has been added, it is not functional. Similarly, adding a new beneficiary is also not working. Please fix.",2,2026-05-04,CBE,Google Play
Wonderful App ❤️❤️❤️ I love it,5,2026-05-04,CBE,Google Play
i like it,5,2026-05-04,CBE,Google Play
best,4,2026-05-04,CBE,Google Play
vary good app,5,2026-05-04,CBE,Google Play
good,5,2026-05-04,CBE,Google Play
nice,5,2026-05-03,CBE,Google Play
easy to use but hard to find easily,4,2026-05-03,CBE,Google Play
fixed problem,4,2026-05-03,CBE,Google Play
በእውነት የሚገርም app ነው ነገሮችን ሁሉ ቀለል ያደርጋል,5,2026-05-03,CBE,Google Play
good,5,2026-05-03,CBE,Google Play
best app,5,2026-05-03,CBE,Google Play
Good Application,5,2026-05-02,CBE,Google Play
Good app,1,2026-05-02,CBE,Google Play
መስተካከል አለብት ብዩ አስታየት የም ሰጠው አካውንንት በስም ሲፈለግ mr ብሎ ቀጣይ ስም ለመፃፍ እስፔስም አይፈቅድ ቀጣዩ ፊደልም ሲፃፍ አይፅፍም ይሄ ቢስተካከል ይበልጥ ቀላል የረገዋል ብዩ አስበለው,4,2026-05-02,CBE,Google Play
why it alaways asked me to update every second when I log in.,1,2026-05-01,CBE,Google Play
pls update my cbe mobile banking,5,2026-05-01,CBE,Google Play
good,5,2026-05-01,CBE,Google Play
"Easy, secure and user friend",5,2026-05-01,CBE,Google Play
nice,5,2026-05-01,CBE,Google Play
hiote tegayede,5,2026-05-01,CBE,Google Play
misraqe,1,2026-04-30,CBE,Google Play
excellent app,5,2026-04-30,CBE,Google Play
usefull app,5,2026-04-30,CBE,Google Play
nice bank,4,2026-04-30,CBE,Google Play
good 👍,5,2026-04-30,CBE,Google Play
it's no functional problem,5,2026-04-30,CBE,Google Play
Tamam Yunus Guddata,5,2026-04-30,CBE,Google Play
good,5,2026-04-30,CBE,Google Play
It's not working after the update it doesn't open at all,1,2026-04-30,CBE,Google Play
nice,5,2026-04-29,CBE,Google Play
excellent app,5,2026-04-29,CBE,Google Play
Good,5,2026-04-29,CBE,Google Play
CBE not compare to others,5,2026-04-29,CBE,Google Play
good,5,2026-04-29,CBE,Google Play
nice app thanks,5,2026-04-29,CBE,Google Play
Great,5,2026-04-29,CBE,Google Play
good service,5,2026-04-29,CBE,Google Play
"It is so good,and easy to use.",5,2026-04-28,CBE,Google Play
great app,5,2026-04-28,CBE,Google Play
update is not downgrade. its literally not working,1,2026-04-28,CBE,Google Play
Please consider optimizing the app for Huawei Mobile Services (HMS). It doesn't work after the update.,1,2026-04-28,CBE,Google Play
please use the cute ui as a professional developer,3,2026-04-28,CBE,Google Play
Daily Of the day Transfer Limit Restriction If there wasn't If it didn't have Very Extremely Happy We would be.,4,2026-04-28,CBE,Google Play
best,5,2026-04-28,CBE,Google Play
Amazing,5,2026-04-28,CBE,Google Play
it's better than before,4,2026-04-28,CBE,Google Play
worst apk for a big bank,1,2026-04-28,CBE,Google Play
doesn't work properly with safaricom network.,1,2026-04-28,CBE,Google Play
"The app forcefully made me an update, since then every time I try to make a payment it keeps bugging and failing non stop. please fix that . this is a big company not a start up .",1,2026-04-28,CBE,Google Play
good,5,2026-04-28,CBE,Google Play
I found that when i am using safaricom network the app keeps crashing a lot and not working and as soon as i change the network it will work smoothly so make is a lot compatible with the safaricom network service.,3,2026-04-28,CBE,Google Play
go ahead,5,2026-04-28,CBE,Google Play
nice,5,2026-04-27,CBE,Google Play
i like it,5,2026-04-27,CBE,Google Play
ok,5,2026-04-27,CBE,Google Play
Good,5,2026-04-27,CBE,Google Play
cbe mobile app best app,5,2026-04-27,CBE,Google Play
"easy for use,and good privacy",4,2026-04-27,CBE,Google Play
amazing,5,2026-04-27,CBE,Google Play
i really judged this app. 99% were profit exclusive for others only with organization benefit.,1,2026-04-27,CBE,Google Play
unable to use it is not performed well,1,2026-04-27,CBE,Google Play
ወከቀቀ,5,2026-04-26,CBE,Google Play
Nice,5,2026-04-26,CBE,Google Play
This app is very good and helpful I am Happy working with cbe mobile banking tanx all members and I am ready invite all my family and friends ❤️,5,2026-04-26,CBE,Google Play
Samsung A-5360 is not my device and i did not opened by this,5,2026-04-26,CBE,Google Play
notwork totransferto other,1,2026-04-26,CBE,Google Play
good,5,2026-04-26,CBE,Google Play
የCommercial Bank of Ethiopia ሞባይል ባንኪንግ አገልግሎት በአጠቃላይ ጠቃሚ ነው፣ ግን አንድ ችግር አጋጥሞኛል። የሂሳብ ቁጥር በምናስገባበት ሳጥን ላይ “Mr” ወይም “Mrs” ከሚለው ቀጥሎ ያለውን ስም ለማስገባት ስፔስ (space) መጠቀም አይቻልም። ይህ ተጠቃሚዎችን ስም ትክክለኛ ለማስገባት እንዲቸገሩ ያደርጋል። እባክዎ በዚህ ክፍል ስፔስ መጠቀም እንዲቻል ወይም የስም መሙያ ስርዓቱን እንዲሻሻል ቢያደርጉ በጣም ጥሩ ይሆናል።,4,2026-04-26,CBE,Google Play
🫶👍🙏,5,2026-04-26,CBE,Google Play
ok,5,2026-04-26,CBE,Google Play
good,5,2026-04-25,CBE,Google Play
I am very comfortable because we can easily access various transfer services that we used to have to go to the bank.,5,2026-04-25,CBE,Google Play
ok,5,2026-04-25,CBE,Google Play
good app,5,2026-04-25,CBE,Google Play
i am so happy,5,2026-04-25,CBE,Google Play
The recent update is trash. I couldn't refresh the page. It's not even trying to sync. Please fix the bug and release a clean version.,1,2026-04-25,CBE,Google Play
good job,5,2026-04-25,CBE,Google Play
I'm from Ethiopia and proud of CBE service app.,5,2026-04-25,CBE,Google Play
I am successful with app,5,2026-04-25,CBE,Google Play
everything is boaring the previous one is good,1,2026-04-25,CBE,Google Play
best,5,2026-04-25,CBE,Google Play
good,5,2026-04-24,CBE,Google Play
good app but it needs more languages do it with more than four languages,5,2026-04-24,CBE,Google Play
good work,5,2026-04-24,CBE,Google Play
ok,5,2026-04-24,CBE,Google Play
wow app.The developers make improvements every time.,5,2026-04-24,CBE,Google Play
nice and perfect,5,2026-04-24,CBE,Google Play
best experience,5,2026-04-24,CBE,Google Play
the best,5,2026-04-24,CBE,Google Play
What's wrong after i update the app unable to open,1,2026-04-24,CBE,Google Play
nice,5,2026-04-24,CBE,Google Play
👍👍it is good. pls Hide the amount that appear on the top when we need to transfer🙏,1,2026-04-24,CBE,Google Play
not sure at the moment,3,2026-04-24,CBE,Google Play
Good,5,2026-04-24,CBE,Google Play
it's the best app i have every seen it is fast and securty,5,2026-04-24,CBE,Google Play
Useful apps,5,2026-04-24,CBE,Google Play
easy to use,5,2026-04-24,CBE,Google Play
waw,4,2026-04-24,CBE,Google Play
"This app used to work well, but now it constantly shows an error saying it can’t load my accounts and tells me to visit a branch. I’m not even in the country, so that’s not possible. The app has frequent issues and needs better reliability and remote support options.",2,2026-04-24,CBE,Google Play
Very good,5,2026-04-23,CBE,Google Play
አዲሱ ገጽታው በጣም ያስጠላል። ለአይን ይከብዳል። ወደነበረበት ብትመልሱት።,1,2026-04-23,CBE,Google Play
I like it but sometimes there is a system error,4,2026-04-23,CBE,Google Play
good,5,2026-04-23,CBE,Google Play
"the app keeps asking for update, even after being updated",3,2026-04-23,CBE,Google Play
"This application was not that great, and its performance has unfortunately declined further. For the past week, I have been unable to access my balance or transfer funds. This situation is causing considerable concern and inconvenience, as I cannot access my money in a timely manner. This has resulted in late payments and a loss of confidence and trust. Furthermore, I have not received a response to my message to the customer support team",1,2026-04-23,CBE,Google Play
like,5,2026-04-23,CBE,Google Play
Good !,3,2026-04-23,CBE,Google Play
very good cbe app,5,2026-04-23,CBE,Google Play
tel birr,5,2026-04-23,CBE,Google Play
halaba kuleto,5,2026-04-23,CBE,Google Play
best app ever,5,2026-04-23,CBE,Google Play
it's good app for ease of access mobile banking transaction and use our time properly!,5,2026-04-22,CBE,Google Play
"pls make an option fingerprint Biometric payment only, it's fast and secure to pay",4,2026-04-22,CBE,Google Play
በጣም ቀላልና ፈጣን ለመጠቀም ወድጀዋለሁ,5,2026-04-22,CBE,Google Play
I love this up to much eollahi,5,2026-04-22,CBE,Google Play
I hope this bank have excellent Mobile app but still not easy and not working in holidays why,4,2026-04-22,CBE,Google Play
best,5,2026-04-22,CBE,Google Play
"It's a great, easy-to-use, very convenient and secure app.",5,2026-04-22,CBE,Google Play
Good Job,5,2026-04-22,CBE,Google Play
Best app.,5,2026-04-22,CBE,Google Play
it's so use full and secure 👍💪👌,5,2026-04-22,CBE,Google Play
"there should be atm voucher access included , and also the app crash sometimes .",1,2026-04-22,CBE,Google Play
ok,1,2026-04-22,CBE,Google Play
"The app has some issues we need to have a place where we save our contacts where we usually send money to, after update I keep loosing all the important accounts.Also user needs to configure their notification types we want to receive either by email ,SMS or both. right now I don't get any notifications when I receive funds from companies.",1,2026-04-22,CBE,Google Play
after the the recent update the app not responding. even transfer to telebirr isn't working.,1,2026-04-22,CBE,Google Play
Need more additional future include for now it's not bad,1,2026-04-22,CBE,Google Play
I don't like. I can't make transfer to my own telebirr,1,2026-04-22,CBE,Google Play
lag and stack not quick response 😞😞,2,2026-04-22,CBE,Google Play
it good. to get services,5,2026-04-22,CBE,Google Play
good,5,2026-04-22,CBE,Google Play
Number One App,5,2026-04-22,CBE,Google Play
is good,5,2026-04-22,CBE,Google Play
this secure app of all Ethiopia mobile banking ever.,5,2026-04-22,CBE,Google Play
perfect app,5,2026-04-22,CBE,Google Play
owww cbe,5,2026-04-22,CBE,Google Play
"Very secured, fast and favourable",5,2026-04-22,CBE,Google Play
very nice 👌,5,2026-04-21,CBE,Google Play
اليش يتعخر معرف والله,5,2026-04-21,CBE,Google Play
good application 💯💯💯.,5,2026-04-21,CBE,Google Play
best,5,2026-04-21,CBE,Google Play
ok,5,2026-04-21,CBE,Google Play
good app,5,2026-04-21,CBE,Google Play
good,4,2026-04-21,CBE,Google Play
Nice App,5,2026-04-21,CBE,Google Play
it cost us a lot just by transfer and in other way not fair,1,2026-04-21,CBE,Google Play
Great app,5,2026-04-21,CBE,Google Play
Interesting app,5,2026-04-21,CBE,Google Play
"i didn't get feed back through message ,Why so?",5,2026-04-21,CBE,Google Play
good and fast,5,2026-04-21,CBE,Google Play
"v, good",5,2026-04-21,CBE,Google Play
very bad experience as its very slow,1,2026-04-20,CBE,Google Play
i luv it,5,2026-04-20,CBE,Google Play
Good&fast,5,2026-04-20,CBE,Google Play
good,5,2026-04-20,CBE,Google Play
good,5,2026-04-19,CBE,Google Play
የጣት አሻራ አገልግሎት አላገኘሁም። አጠቃቀሙ ጠፍቶኝ ይሆን?,4,2026-04-19,CBE,Google Play
Rtgs limit very small,3,2026-04-19,CBE,Google Play
"Trasaction history not sorted in time basis, besides the hilight transaction and its details which is found by clicking the highht transaction are diffrent. Generally, the tansaction history page has a critical problem",3,2026-04-19,CBE,Google Play
good job,5,2026-04-19,CBE,Google Play
best bank for Android application form market place and key number,5,2026-04-19,CBE,Google Play
i like cbe service,5,2026-04-19,CBE,Google Play
አሪፍ ነው,4,2026-04-18,CBE,Google Play
it is the best application in the Ethiopia I like it this,5,2026-04-18,CBE,Google Play
super spp,5,2026-04-18,CBE,Google Play
I have 1 year and thank you for yo ur genuine service,5,2026-04-18,CBE,Google Play
ካየህዋቸው ተመሳሳይ መተግበርያዎች በጣም ጥሩ መተግበርያ ነው,4,2026-04-18,CBE,Google Play
excellent,5,2026-04-18,CBE,Google Play
Excellent,5,2026-04-18,CBE,Google Play
"im having a terrible experience with this app, im getting 'unable to connect' error, this happened for a while now and they didnt fix it, it is so unreliable in times i need it that i have to resort to using ussd code instead of it. please fix this issue",1,2026-04-17,CBE,Google Play
Absolute garbage,1,2026-04-17,CBE,Google Play
CBE does not offer anything international.,3,2026-04-17,CBE,Google Play
korsa,5,2026-04-17,CBE,Google Play
its good,5,2026-04-17,CBE,Google Play
very nice app,5,2026-04-16,CBE,Google Play
nice app,5,2026-04-16,CBE,Google Play
ok,5,2026-04-16,CBE,Google Play
it looks fantasy,5,2026-04-16,CBE,Google Play
it's best app to use recently and upgraded day to day for internationalization,5,2026-04-16,CBE,Google Play
it is more convenient app,5,2026-04-16,CBE,Google Play
gooooodddd.....,5,2026-04-15,CBE,Google Play
This is app is not fast and not working well in all android phone. eg it is not functioning well using one plus phone.,1,2026-04-15,CBE,Google Play
Factory reset made me to lose my pin to login to my account!,5,2026-04-15,CBE,Google Play
keeps on saying bucket override when I try to pay henon school fee,2,2026-04-15,CBE,Google Play
"life longe bank CBE , Save & change your life.",5,2026-04-15,CBE,Google Play
ok,5,2026-04-15,CBE,Google Play
good,5,2026-04-15,CBE,Google Play
does not working well,5,2026-04-15,CBE,Google Play
it's v good app sometimes there is a problem on other bank transfers,4,2026-04-15,CBE,Google Play
pls speedup for quick uses,5,2026-04-14,CBE,Google Play
"before, it was nice. now it does not work and crash automatically",2,2026-04-14,CBE,Google Play
Pls facilitate transfer to telebirr agent,3,2026-04-14,CBE,Google Play
sestemaa siresun osoo manaa banki hindemne namnii barbade national id isa fayadamee osoo banachun danda'ame bayye nammati tola live event qabate,3,2026-04-13,CBE,Google Play
I customer for commercial bank of Ethiopia I trade,5,2026-04-13,CBE,Google Play
it's has an issue,1,2026-04-13,CBE,Google Play
good,5,2026-04-13,CBE,Google Play
nice,5,2026-04-13,CBE,Google Play
accessibility need to be taken seriously. There are people excluded because of inaccessible apps.,3,2026-04-13,CBE,Google Play
"This application was not that great, and its performance has unfortunately declined further. For the past week, I have been unable to access my balance or transfer funds. This situation is causing considerable concern and inconvenience, as I cannot access my money in a timely manner. This has resulted in late payments and a loss of confidence and trust. Furthermore, I have not received a response to my message to the customer support team.",1,2026-04-12,CBE,Google Play
🤙,5,2026-04-12,CBE,Google Play
I can't download this app please assist how it can be downloaded,1,2026-04-12,CBE,Google Play
"my favorite so far, but, how come we are not able to download the app and fix our problem ourselves? it is not fair to go to the bank and fix it for you? please think about it. Thank you",5,2026-04-11,CBE,Google Play
lulit tukka giro,5,2026-04-11,CBE,Google Play
Enough good even it hasn't transferring for other telebirr users,5,2026-04-11,CBE,Google Play
not good not bad.,3,2026-04-11,CBE,Google Play
easy fast helpful for our business,5,2026-04-11,CBE,Google Play
good,5,2026-04-11,CBE,Google Play
bad strresing,1,2026-04-11,CBE,Google Play
cool,5,2026-04-11,CBE,Google Play
100%100 Fast and Amazing app !! 🏆🏆🏆🏆🏆🏆🏆🏆 💞🌷🇪🇹,5,2026-04-10,CBE,Google Play
Not that happy at this app,3,2026-04-10,CBE,Google Play
Best,5,2026-04-10,CBE,Google Play
crush alot,1,2026-04-10,CBE,Google Play
itii fayadamaa namaa fayadaa kuniin,5,2026-04-10,CBE,Google Play
good app,5,2026-04-09,CBE,Google Play
good,5,2026-04-09,CBE,Google Play
Musxafaa,5,2026-04-09,CBE,Google Play
well expriences,5,2026-04-09,CBE,Google Play
great 👍,5,2026-04-09,CBE,Google Play
I had good time with CBE,5,2026-04-09,CBE,Google Play
crashes every time you need to update this app ASAP.. i will be changing bank if tjis continues,1,2026-04-09,CBE,Google Play
Good,5,2026-04-09,CBE,Google Play
easy and fast,5,2026-04-08,CBE,Google Play
very nice,5,2026-04-08,CBE,Google Play
its good,5,2026-04-08,CBE,Google Play
this app is very good,5,2026-04-08,CBE,Google Play
በጣም ጥሩ ነው,4,2026-04-08,CBE,Google Play
deduction but no transaction. not good,3,2026-04-08,CBE,Google Play
Easy to use and reliable.,5,2026-04-07,CBE,Google Play
difficult to see our transactions after aweek,1,2026-04-07,CBE,Google Play
👍👍,5,2026-04-07,CBE,Google Play
nice,1,2026-04-07,CBE,Google Play
Good bank,5,2026-04-07,CBE,Google Play
swift,5,2026-04-07,CBE,Google Play
best,5,2026-04-07,CBE,Google Play
it is wel,5,2026-04-07,CBE,Google Play
nice,4,2026-04-06,CBE,Google Play
fully functional greate application it makes payment and transaction easier,5,2026-04-06,CBE,Google Play
it's best for everyone,5,2026-04-06,CBE,Google Play
good,5,2026-04-06,CBE,Google Play
good jobs,5,2026-04-06,CBE,Google Play
am happy using it.But why does it need continuous updates?,5,2026-04-06,CBE,Google Play
Good job,5,2026-04-06,CBE,Google Play
good,5,2026-04-05,CBE,Google Play
wow,5,2026-04-05,CBE,Google Play
good 👍,5,2026-04-05,CBE,Google Play
Thank you for your service.,1,2026-04-05,CBE,Google Play
nice,5,2026-04-05,CBE,Google Play
WOW!,4,2026-04-04,CBE,Google Play
i have more experience,5,2026-04-04,CBE,Google Play
good,5,2026-04-04,CBE,Google Play
i like this app,5,2026-04-04,CBE,Google Play
I love this app,5,2026-04-04,CBE,Google Play
it is not working,1,2026-04-04,CBE,Google Play
the app freezes sometimes and crashing,1,2026-04-04,CBE,Google Play
for active payment it's number one chose,5,2026-04-04,CBE,Google Play
"What a nasty Update is this !. May I say 'Events cast their shadow before happenings'. Trust, value, Bank's 'n' Customers' financial property, such like things, at risk once again(the State owned Bank experienced some months ago due to app development issues or some other unknown reasons. Unable to see my own current balance due to a hidden page being displayed, stacked transaction history since March 26th, among others. Is that a Banking app being developed by Professionals ?.",1,2026-04-04,CBE,Google Play
Very good Service provider bank,5,2026-04-04,CBE,Google Play
nice app keep it up🤝🤝,5,2026-04-03,CBE,Google Play
very much for your information 👋,5,2026-04-03,CBE,Google Play
bad👎,1,2026-04-03,CBE,Google Play
so nice to me,5,2026-04-03,CBE,Google Play
best,5,2026-04-02,CBE,Google Play
good update,5,2026-04-02,CBE,Google Play
It's a good improvement. the app,5,2026-04-02,CBE,Google Play
good,5,2026-04-02,CBE,Google Play
Excellent,5,2026-04-02,CBE,Google Play
ok,5,2026-04-02,CBE,Google Play
"This app is very unreliable—slow, frequently crashes, and fails to sync properly. Transactions don’t reflect accurately; I transferred money that was deducted but never received, with no record in recent activity. It often stops working and takes too long to update. Reinstalling doesn’t help. You even have to visit a branch for it to start working, which is unacceptable today. The problem is even worse outside Ethiopia.",1,2026-04-02,CBE,Google Play
not working,5,2026-04-01,CBE,Google Play
it's fast and easy nice,5,2026-04-01,CBE,Google Play
Good,1,2026-04-01,CBE,Google Play
girms,5,2026-04-01,CBE,Google Play
"this platform is very useful for exchanging payment ,than *889#(it's slower ).🙏🙏",5,2026-04-01,CBE,Google Play
best,5,2026-04-01,CBE,Google Play
Good app,5,2026-03-31,CBE,Google Play
very excellent application the number one bank of Ethiopia thanks,5,2026-03-31,CBE,Google Play
I can't use the app months ago. It stopped working with Mobile data and WiFi. I didn't know the cause. Why this app is not compatible with Android 8?,3,2026-03-31,CBE,Google Play
not working,3,2026-03-31,CBE,Google Play
"very nice app, but charge more.",5,2026-03-31,CBE,Google Play
Why mobile Banking is not functional?,2,2026-03-31,CBE,Google Play
does this app support international transactions,3,2026-03-31,CBE,Google Play
i use CBE almost more than 5 years,3,2026-03-30,CBE,Google Play
this app essential app on this time,5,2026-03-30,CBE,Google Play
"After update not working at all, I live in abroad.",1,2026-03-30,CBE,Google Play
best app,5,2026-03-30,CBE,Google Play
nice,1,2026-03-30,CBE,Google Play
it is not well functional. It always sluggish and poor application. n Not interested because always straggling .,1,2026-03-30,CBE,Google Play
best bank ever,5,2026-03-30,CBE,Google Play
Pleas allow self service on Mobile banking.,5,2026-03-29,CBE,Google Play
saved transactions doesn't work properly it doesn't show transactions before a month only shows recent transactions even after I set filter date range,1,2026-03-29,CBE,Google Play
good,5,2026-03-29,CBE,Google Play
easygoing & Convenient to use.,5,2026-03-29,CBE,Google Play
Thank you,5,2026-03-28,CBE,Google Play
good,5,2026-03-28,CBE,Google Play
nice,5,2026-03-28,CBE,Google Play
excellent,5,2026-03-28,CBE,Google Play
It charges high amount of service charge.,1,2026-03-28,CBE,Google Play
best,5,2026-03-28,CBE,Google Play
good,5,2026-03-27,CBE,Google Play
melkam new,4,2026-03-27,CBE,Google Play
Very good service all times,5,2026-03-25,CBE,Google Play
ohh very useful and easy for use,5,2026-03-25,CBE,Google Play
wow,5,2026-03-25,CBE,Google Play
good application,5,2026-03-25,CBE,Google Play
good,5,2026-03-25,CBE,Google Play
its good,5,2026-03-24,CBE,Google Play
so nice,5,2026-03-24,CBE,Google Play
it nice and fast but usually it bad the connection by 4g network it still bad,4,2026-03-24,CBE,Google Play
not work app,5,2026-03-23,CBE,Google Play
nice App,5,2026-03-22,CBE,Google Play
CBE is my beast one for any transactions,5,2026-03-22,CBE,Google Play
very good,5,2026-03-22,CBE,Google Play
I Am Proud Of CBE Period!!!,5,2026-03-22,CBE,Google Play
digital banking,5,2026-03-21,CBE,Google Play
it is very good service you are giving,5,2026-03-21,CBE,Google Play
ps fast and easy,5,2026-03-21,CBE,Google Play
nice app for me,3,2026-03-21,CBE,Google Play
vibe,4,2026-03-21,CBE,Google Play
Tajajilli keessan dubati Hafadha አገልግሎታችሁን ዱባቲ ሀፋድህን አቆይ Your service will stay behind,1,2026-03-21,CBE,Google Play
ገላግሌ ብየዋለው ጥድት ያለ አፕ,5,2026-03-20,CBE,Google Play
best app i like it,5,2026-03-20,CBE,Google Play
it is really very poor application. i've ever experienced.,1,2026-03-20,CBE,Google Play
wow ✌️,5,2026-03-19,CBE,Google Play
EASY & SIMLPE TO MANIPULATE. COGRATS !!,4,2026-03-19,CBE,Google Play
zewediesh,4,2026-03-19,CBE,Google Play
nice app,4,2026-03-19,CBE,Google Play
Perfect App,5,2026-03-19,CBE,Google Play
🆗 g,5,2026-03-19,CBE,Google Play
the best app of mobile banking,5,2026-03-18,CBE,Google Play
ዝም ብሉ ይዞራል 😡😡😡,3,2026-03-18,CBE,Google Play
the bank You can always relay on!,5,2026-03-18,CBE,Google Play
good,1,2026-03-18,CBE,Google Play
ok,5,2026-03-18,CBE,Google Play
"Why does this welcome notification appear every time the app is opened? It doesn’t add value in its current form, so please consider removing it. Alternatively, you could adjust it to appear only occasionally.",4,2026-03-17,CBE,Google Play
10Q U,5,2026-03-17,CBE,Google Play
very interesting,5,2026-03-17,CBE,Google Play
"it cant accomidate more than 2 accounts,every time i subscribe for my 3r account it vanish.",3,2026-03-17,CBE,Google Play
it's so disgusting my phone is s9+ android of 8/9 and this application still doesn't work for my phone fix it sooner as possible !,1,2026-03-17,CBE,Google Play
This app is by far one of the useless apps. It keep on sating can't sync and unable to do transfers. please for God sake fix it,1,2026-03-17,CBE,Google Play
ልስን,4,2026-03-17,CBE,Google Play
new app,5,2026-03-17,CBE,Google Play
Nice,5,2026-03-17,CBE,Google Play
it can't showed transaction history perfectly,1,2026-03-16,CBE,Google Play
it have to be work on all smart phone ratherthan limitted by version,1,2026-03-16,CBE,Google Play
All right 👍,5,2026-03-16,CBE,Google Play
you can transfer br,5,2026-03-16,CBE,Google Play
well,5,2026-03-16,CBE,Google Play
not properly work,2,2026-03-16,CBE,Google Play
nice app,5,2026-03-16,CBE,Google Play
proud of CBE. CBE is my everyday day choice and confidence.,5,2026-03-15,CBE,Google Play
It would be great if you could add tele birr agent to the transfer to wallet.,2,2026-03-15,CBE,Google Play
love,5,2026-03-15,CBE,Google Play
"To the CBE: I opened my account 8 years ago while working as a government employee in Harerghe. Now I live in Addis Ababa, yet my account has been frozen without any explanation. I contacted nearby branches and even the head office, and all I was told is that I must go to the branch where I originally opened my account-over 400 km away. How is this fair/legal? Expecting a customer to travel over 400km just to reactivate an account is unreasonable and shows a total disregard for customer rights.",3,2026-03-14,CBE,Google Play
"it's good, but sometime the app can not be fast and it will need upgraeds.....?",4,2026-03-14,CBE,Google Play
I gone to cbe branch more times as I updated or re installed it because it asks verfication no. after reinstallation or updation tis costy for you,4,2026-03-14,CBE,Google Play
wonderful Pp,5,2026-03-14,CBE,Google Play
ok,5,2026-03-14,CBE,Google Play
l want Mobile banks code,5,2026-03-13,CBE,Google Play
My application are not working,5,2026-03-13,CBE,Google Play
its good customer support,4,2026-03-13,CBE,Google Play
Can't active now,3,2026-03-13,CBE,Google Play
this app is really make me excited 😊,5,2026-03-13,CBE,Google Play
ok,5,2026-03-13,CBE,Google Play
Easy to use and best way for online transactions in Ethiopia.,4,2026-03-12,CBE,Google Play
good,5,2026-03-12,CBE,Google Play
ቸርነት ገበየሁ,5,2026-03-12,CBE,Google Play
"False advertising regarding Virtual Mastercard/Visa 😓😢😓 The latest update claims to support Mastercard and Visa cards, but this is completely false. The features are either missing or do not work at all. It is shameful for a leading bank to mislead its customers with ""new features"" that aren't actually available. Fix the bugs or stop making false promises.",1,2026-03-12,CBE,Google Play
thanks for my custom,5,2026-03-12,CBE,Google Play
is good always not work not access.,2,2026-03-11,CBE,Google Play
perfect 👌,5,2026-03-11,CBE,Google Play
Baankiin Daldala Itoophiyaa nuuf qabeenya guddaa tahuu hin dagatinaa Mata duree ykn Handhuura baankii hundaati,5,2026-03-11,CBE,Google Play
The worst Application,1,2026-03-10,CBE,Google Play
it's very good app,5,2026-05-12,BOA,Google Play
this app is good but the speed of app is very slow,2,2026-05-11,BOA,Google Play
good,5,2026-05-09,BOA,Google Play
boa the best,5,2026-05-08,BOA,Google Play
bank of absiniya is best bank in ethiopian,5,2026-05-07,BOA,Google Play
አስተማማኝና ዘመኑን የዋጀ,4,2026-05-05,BOA,Google Play
good,5,2026-05-04,BOA,Google Play
extremely slow app and unreliable for most payment i have stuggled to much with this,2,2026-05-03,BOA,Google Play
Amazing app,5,2026-05-02,BOA,Google Play
"I tried to oppen mobile app of BOA, but it can't work on my phone after activation. I can't login to it. the staffs tried their best and asked me the android version which is 16 and clear the catches, reinstall the app but the same restult × close the app. disappointing",1,2026-05-01,BOA,Google Play
nice app 👍👍👍,5,2026-04-29,BOA,Google Play
easy to understand,4,2026-04-28,BOA,Google Play
best,5,2026-04-27,BOA,Google Play
a wonderful Bank success app in Ethiopia 🇪🇹,5,2026-04-25,BOA,Google Play
nice,5,2026-04-24,BOA,Google Play
there's an error in app i don't ever know what's the case,1,2026-04-24,BOA,Google Play
BoA always❤,5,2026-04-24,BOA,Google Play
the worst app,1,2026-04-24,BOA,Google Play
what an amazing service,5,2026-04-23,BOA,Google Play
abezash,5,2026-04-23,BOA,Google Play
😁😁ል,4,2026-04-23,BOA,Google Play
Not working,4,2026-04-22,BOA,Google Play
best,5,2026-04-22,BOA,Google Play
nice,5,2026-04-21,BOA,Google Play
everything new that other banks started abyssinia started it but this one year have been a disaster the mobile banking crashes everytime please do what you do best,1,2026-04-20,BOA,Google Play
"the best applcation,, how can winning byd car 😭🤣🤣",5,2026-04-20,BOA,Google Play
good,5,2026-04-19,BOA,Google Play
"the app does not show my account balance correctly compared to what I get with the SMS notification. Again and again I am not able to make transfers because the app has issues. The app has over years now frequently problems, doesn't load, or is sometimes not working entirely and I can not open it. Even to the point that I question the rating of this app if it's true or distorted. I am not sure how it can be 4 stars something, when in real life the app just doesn't work a lot of the time.",1,2026-04-19,BOA,Google Play
excellent service,5,2026-04-18,BOA,Google Play
it very slow to access the app when urgent,1,2026-04-17,BOA,Google Play
very Good app,4,2026-04-16,BOA,Google Play
best i ethiopia,5,2026-04-16,BOA,Google Play
when i try to see my balance the app logs me out.i try to uninstall the app and install it when i try to login again it says login expired.the worest mobile banking in ethiopia. fix it,1,2026-04-15,BOA,Google Play
good,5,2026-04-15,BOA,Google Play
like,5,2026-04-14,BOA,Google Play
Why transfer to telebirr agent doesn't work?,3,2026-04-14,BOA,Google Play
best 👌 app in entire industry,5,2026-04-14,BOA,Google Play
besst app,5,2026-04-14,BOA,Google Play
good 👍,5,2026-04-13,BOA,Google Play
ksanet hayle,5,2026-04-11,BOA,Google Play
this app is not use my pbone android 16 and not fix boa nearest branch how to use this app,1,2026-04-11,BOA,Google Play
"disappointing experience .couldn't even do transactions ,so slow .you should check and update it please",1,2026-04-09,BOA,Google Play
poor functional and also very interactive customer service at branch,1,2026-04-09,BOA,Google Play
low networks,4,2026-04-08,BOA,Google Play
Fast& Modern,5,2026-04-08,BOA,Google Play
very nice service appreciated 👍,5,2026-04-07,BOA,Google Play
it's not working always says error occured,1,2026-04-06,BOA,Google Play
good,5,2026-04-06,BOA,Google Play
fast and reliable app,5,2026-04-02,BOA,Google Play
good,1,2026-04-02,BOA,Google Play
እረተውኝ,5,2026-04-01,BOA,Google Play
good,1,2026-04-01,BOA,Google Play
its good,5,2026-04-01,BOA,Google Play
updte,3,2026-04-01,BOA,Google Play
nice,5,2026-03-31,BOA,Google Play
"Personal opinion: If Abyssinia Mobile Banking allows you to use data from the SIM card where banking is activated, for example, if the connection to the WiFi router stops, if it is possible to use the SIM card where it was activated, and if the password can finally be re-entered 🙏",5,2026-03-31,BOA,Google Play
stupid app! when i try to send money it says error occured,1,2026-03-31,BOA,Google Play
i loveit,5,2026-03-31,BOA,Google Play
Boa yleyal,5,2026-03-31,BOA,Google Play
lovely,2,2026-03-30,BOA,Google Play
other bank is very slow,5,2026-03-30,BOA,Google Play
good,5,2026-03-29,BOA,Google Play
When transaction done form BOA to Other Bank accounts the receipt does not include the name of receipant(the who receive the money),4,2026-03-29,BOA,Google Play
Niyse,5,2026-03-29,BOA,Google Play
my choice BOA,5,2026-03-28,BOA,Google Play
በጣም ጥሩ ነው,5,2026-03-28,BOA,Google Play
smart app,5,2026-03-28,BOA,Google Play
emails connect to pone numbers link all the city banks by location naw,5,2026-03-28,BOA,Google Play
good,5,2026-03-28,BOA,Google Play
My favorite app,5,2026-03-28,BOA,Google Play
very good,5,2026-03-28,BOA,Google Play
smart app smart bank,5,2026-03-27,BOA,Google Play
You can't rely on Abyssinia. They are the worst,1,2026-03-26,BOA,Google Play
its the the bank of bank,5,2026-03-25,BOA,Google Play
good app,5,2026-03-24,BOA,Google Play
beti araya,5,2026-03-24,BOA,Google Play
ok app,5,2026-03-24,BOA,Google Play
something is wrong,2,2026-03-24,BOA,Google Play
abanamu boriifuu hindhabamu horiinu ajiraanu woliinuu,5,2026-03-24,BOA,Google Play
good up except some sluggishness,5,2026-03-23,BOA,Google Play
good app,5,2026-03-23,BOA,Google Play
it is not bad it just ok,4,2026-03-23,BOA,Google Play
well,1,2026-03-22,BOA,Google Play
i can't transfer money to other bank. 😒😒,4,2026-03-22,BOA,Google Play
doesn't work,1,2026-03-22,BOA,Google Play
cheru birhanu,1,2026-03-22,BOA,Google Play
This app good b/c reduce my time,5,2026-03-22,BOA,Google Play
Machin tecnoloj,3,2026-03-22,BOA,Google Play
developer option offe,1,2026-03-22,BOA,Google Play
"Bank of Abyssinia used to be the best for me, but now I don’t think so. I spent the whole day at the branch trying to fix my mobile banking, yet nothing changed. I was asked repeatedly for my ID and signature without any real solution. It’s disappointing and frustrating to see such poor service. I expected much better 🙏 Please fix this urgently 🙏",1,2026-03-22,BOA,Google Play
good!,4,2026-03-21,BOA,Google Play
BoA Mobile app,5,2026-03-21,BOA,Google Play
good,5,2026-03-21,BOA,Google Play
it is simple and fast app,5,2026-03-21,BOA,Google Play
awful,1,2026-03-21,BOA,Google Play
👍👍👍,5,2026-03-20,BOA,Google Play
ቤጣም ጥሩ ነው ግን ኖ ፍጥነት ብዙ ስታክ ኦኬ,5,2026-03-20,BOA,Google Play
best app,5,2026-03-20,BOA,Google Play
awesome and fast app it uses to do my work easier..🥰,5,2026-03-20,BOA,Google Play
simple and fast,5,2026-03-20,BOA,Google Play
very good appreciation trusted,5,2026-03-20,BOA,Google Play
very nice app u love it,5,2026-03-19,BOA,Google Play
happy,4,2026-03-19,BOA,Google Play
The worst banking app ever. When I toggle the balance button it shows session expired. I can't even check balance😔,1,2026-03-19,BOA,Google Play
Secured and rely on BOA.,4,2026-03-19,BOA,Google Play
good,5,2026-03-19,BOA,Google Play
Nice App,5,2026-03-19,BOA,Google Play
Good,1,2026-03-18,BOA,Google Play
very good app,5,2026-03-18,BOA,Google Play
good to use,5,2026-03-18,BOA,Google Play
excellent!,5,2026-03-18,BOA,Google Play
Thanks bank of Abisiniya,5,2026-03-17,BOA,Google Play
good ap,5,2026-03-17,BOA,Google Play
Very nice application,5,2026-03-17,BOA,Google Play
the BoA is the smartest app,5,2026-03-17,BOA,Google Play
nice,5,2026-03-17,BOA,Google Play
Wow!!,5,2026-03-17,BOA,Google Play
v.good,5,2026-03-17,BOA,Google Play
wow,5,2026-03-17,BOA,Google Play
best,5,2026-03-17,BOA,Google Play
very excellent and truth application.,5,2026-03-17,BOA,Google Play
very good,4,2026-03-17,BOA,Google Play
"All problems are fixed now , easy to use recommended.",5,2026-03-17,BOA,Google Play
it is slow app pls update more,5,2026-03-17,BOA,Google Play
good,5,2026-03-17,BOA,Google Play
amazing app ever,5,2026-03-17,BOA,Google Play
It did not work at all for me,1,2026-03-17,BOA,Google Play
besat🥰,4,2026-03-17,BOA,Google Play
amazing 😄 service I appreciate it,5,2026-03-17,BOA,Google Play
no limit app,5,2026-03-17,BOA,Google Play
Very excayeted and degjetalization more accecing to any markate enabled servece also hamble so more atande,4,2026-03-16,BOA,Google Play
Best !,5,2026-03-16,BOA,Google Play
the app is always full of bugs and I don't know why they don't even try to fix them it's been like this for years it's always unstable,1,2026-03-16,BOA,Google Play
very good,4,2026-03-16,BOA,Google Play
fast app,5,2026-03-16,BOA,Google Play
best app,5,2026-03-16,BOA,Google Play
very good service,3,2026-03-16,BOA,Google Play
lovely app,5,2026-03-16,BOA,Google Play
"BoA easily accessible, fast with best service, Go ahead",5,2026-03-16,BOA,Google Play
its so amazing,5,2026-03-16,BOA,Google Play
good,5,2026-03-16,BOA,Google Play
Now this bank is among those Ethiopian banks with best mobile banking. N.B I will give 5 star if the app asks a PIN before completing transaction.,4,2026-03-16,BOA,Google Play
love BOA,1,2026-03-15,BOA,Google Play
wow,5,2026-03-14,BOA,Google Play
i like,5,2026-03-14,BOA,Google Play
it stucks and jumps out,1,2026-03-13,BOA,Google Play
ማስተዋልይርሳው,5,2026-03-11,BOA,Google Play
1 ደኛ,5,2026-03-11,BOA,Google Play
nice,5,2026-03-10,BOA,Google Play
considering the fact that bank is huge this app really bad you could do better,1,2026-03-10,BOA,Google Play
fast security 🔥🔥🔥,5,2026-03-07,BOA,Google Play
100% 😱😱,5,2026-03-07,BOA,Google Play
doesn't work.,1,2026-03-06,BOA,Google Play
nice,5,2026-03-04,BOA,Google Play
atdtd,1,2026-03-03,BOA,Google Play
Its so boaring app I ever had....please review and fix z deficulties,1,2026-03-03,BOA,Google Play
ፈት አፈዘ,1,2026-03-03,BOA,Google Play
profesionl,5,2026-03-02,BOA,Google Play
nice,5,2026-03-02,BOA,Google Play
very nice,5,2026-03-01,BOA,Google Play
no app,1,2026-03-01,BOA,Google Play
BOA mobile app,5,2026-02-28,BOA,Google Play
"Good App But big problem with Trasfer to other Bank im send some money to other bank still not reach it ,it's take time around two days",4,2026-02-27,BOA,Google Play
Use the best bank account ✅👌👌👌,5,2026-02-25,BOA,Google Play
well app,5,2026-02-24,BOA,Google Play
"balance sync is working after 24 hours, frequently stop working for the last 4 yrs, boring update released, very poor service",2,2026-02-23,BOA,Google Play
Excellent service thanks,5,2026-02-20,BOA,Google Play
good,5,2026-02-19,BOA,Google Play
Good,5,2026-02-17,BOA,Google Play
it crush every time you opend it it is hard to pay quickly or to access,1,2026-02-17,BOA,Google Play
it is a best app,5,2026-02-16,BOA,Google Play
"this app is useless, i try to use it but the app crash and log me out and this is happen again and again. i thought they will fix it on update but there is no update.",1,2026-02-15,BOA,Google Play
"It’s very hard, it’s not working.👎👎",1,2026-02-11,BOA,Google Play
v.good,5,2026-02-11,BOA,Google Play
some time the app would have been a problem to open,5,2026-02-10,BOA,Google Play
good,5,2026-02-10,BOA,Google Play
good,5,2026-02-08,BOA,Google Play
Its not work accurately please improve your mobile banking,1,2026-02-03,BOA,Google Play
the most doagusting app from ethiopian banking especially on weekdenda🤮🤮🤮🤮🤮🤮🤮,1,2026-02-02,BOA,Google Play
wondo mechesa,5,2026-01-31,BOA,Google Play
good but the user interface and animations need some upgrade,4,2026-01-31,BOA,Google Play
what is wrong these app ?,1,2026-01-30,BOA,Google Play
very good app,5,2026-01-29,BOA,Google Play
unsatisfied to your mobile banking application,5,2026-01-28,BOA,Google Play
"Whenever I want to see my balance, the app says “no” and logs me out. Looks like the developer doesn’t want customers to know the truth 😄! This app really protects my money. It logs me out before I can even see my balance. 👉 Honestly, this app doesn’t reflect the quality of Bank of Abyssinia.",3,2026-01-26,BOA,Google Play
"BoA Mobile is boring, imagine if you install it to your phone it crash when once used and require reinstall. I downloaded ten times but it still crashing.",1,2026-01-25,BOA,Google Play
እሽቱ,5,2026-01-24,BOA,Google Play
very clumsy application. it sucks alot.,1,2026-01-23,BOA,Google Play
so perfect in everything,5,2026-01-22,BOA,Google Play
yse good ap,5,2026-01-22,BOA,Google Play
the worst Mobile banking app👎👎👎👎,1,2026-01-22,BOA,Google Play
እየሩስ ፣አይለ፣,1,2026-01-20,BOA,Google Play
very nice,5,2026-01-20,BOA,Google Play
very Good application,4,2026-01-14,BOA,Google Play
yes,5,2026-01-13,BOA,Google Play
app doesnt work,1,2026-01-10,BOA,Google Play
it's too slow and when you are in a hurry don't use this app,1,2026-01-10,BOA,Google Play
The worest app ever .work hard and do betterthan this,1,2026-01-09,BOA,Google Play
The app is always glitch seems there's is significant issue from the backend. Can someone take a look on this or just remove from appstore this trash 🗑 🙄. Thank you.,1,2026-01-07,BOA,Google Play
n m ű,3,2026-01-06,BOA,Google Play
so good,5,2026-01-06,BOA,Google Play
my app is not working .,1,2026-01-06,BOA,Google Play
"Problems with internet, the app sometimes says there is no internet connection while Internet Data is on. this needs to be fixed, it's unacceptable not being able to access your bank account when you need it.",1,2026-01-05,BOA,Google Play
"There's only one word to describe BOA mobile banking app, and it's 'እንጨት'. It's been the worst experience and it's continuing to be so.",1,2026-01-04,BOA,Google Play
not good update it again,1,2026-01-04,BOA,Google Play
the app not works on samsung galaxy A06 models it's directly kick you out of the app whenever u want to use it amd and then it's says the app is not working i hope they fix it soon,2,2026-01-04,BOA,Google Play
The worest banking app i ever used,1,2026-01-03,BOA,Google Play
"This app is the worst app I've ever seen. Unless the developer fixes it, BOA will lose all its customers.",1,2026-01-02,BOA,Google Play
yetemeta app nw cherash nw apk west maygebawu beza sebeb absiniya tesenabichalewu,1,2026-01-01,BOA,Google Play
ደገፉ ፈፊኘየየከ ወግወ ደገፉ,5,2025-12-31,BOA,Google Play
good,5,2025-12-27,BOA,Google Play
good 👍👍👍,5,2025-12-27,BOA,Google Play
best digital financing app in ethiopia,5,2025-12-26,BOA,Google Play
wooow,5,2025-12-26,BOA,Google Play
very good to be continued to update,5,2025-12-24,BOA,Google Play
የአቢሲኒያ ባንክ app,5,2025-12-22,BOA,Google Play
አፕሊኬሽኑ መጨረሻ ቀርፋፋ ነው:: 2G,1,2025-12-21,BOA,Google Play
best,5,2025-12-21,BOA,Google Play
"what is this the 19 century 😡,we can't even see our balance,this app is going backwards 😤",1,2025-12-21,BOA,Google Play
The worst Mobile banking app in Ethiopia,1,2025-12-20,BOA,Google Play
great,5,2025-12-18,BOA,Google Play
Applicationa kerem delile,5,2025-12-18,BOA,Google Play
fast,5,2025-12-17,BOA,Google Play
Good,5,2025-12-17,BOA,Google Play
good,5,2025-12-16,BOA,Google Play
😍,5,2025-12-15,BOA,Google Play
best,5,2025-12-15,BOA,Google Play
nice,5,2025-12-13,BOA,Google Play
WE EXPECT IT WILL BE MORE AND MORE FASTER THAN EARLIER!,5,2025-12-13,BOA,Google Play
Amazing App 👏,5,2025-12-12,BOA,Google Play
Niec app,5,2025-12-12,BOA,Google Play
best app of the year,5,2025-12-12,BOA,Google Play
waw,2,2025-12-12,BOA,Google Play
it constantly bugs and doesnt open what is the purpose of mobile banking app if i dont use it when i need it?,1,2025-12-12,BOA,Google Play
🔥🔥,5,2025-12-10,BOA,Google Play
good,4,2025-12-09,BOA,Google Play
good,4,2025-12-06,BOA,Google Play
"please fix the bug this app does not work, it says Error The request was not successful. Please check device connectivity or try again.",1,2025-12-05,BOA,Google Play
not bad,3,2025-12-04,BOA,Google Play
nice banking,5,2025-12-02,BOA,Google Play
what a bad app... cant even learn from CBE ... how can they even improve?,1,2025-12-02,BOA,Google Play
it stuck everytime when i use it . the app won't budge to even open,1,2025-12-02,BOA,Google Play
i don't find it good and now it is not working!,1,2025-12-01,BOA,Google Play
Make the reason we wrote visible on app transaction.,2,2025-12-01,BOA,Google Play
app is note active working crash,1,2025-11-30,BOA,Google Play
🙏👍,5,2025-11-29,BOA,Google Play
Very Good,5,2025-11-28,BOA,Google Play
goof,5,2025-11-28,BOA,Google Play
good!,5,2025-11-28,BOA,Google Play
bad exprience...it is so crushed,1,2025-11-27,BOA,Google Play
not user friendly at all it requires a huge connectivity and also lags many times 😑😑😑,1,2025-11-26,BOA,Google Play
ምንም የማይ ሰራ,1,2025-11-26,BOA,Google Play
very good,5,2025-11-25,BOA,Google Play
most of the time is not working properly,1,2025-11-25,BOA,Google Play
good service,5,2025-11-25,BOA,Google Play
not use for me,3,2025-11-23,BOA,Google Play
It keeps notifying me to disable developer options and quiet while I'm not enabled. always bring another type of problem with new updates.,1,2025-11-22,BOA,Google Play
waw,5,2025-11-21,BOA,Google Play
the lag is unbelievable when you need it the most this suks,1,2025-11-19,BOA,Google Play
I cant belive I could find the worst bank app ever .yet very simple to fix the problem and the company just ignored it. no body can do business with this kind of app.,1,2025-11-18,BOA,Google Play
it is a good app,5,2025-11-18,BOA,Google Play
it is not working at all,1,2025-11-15,BOA,Google Play
🥰🥰🥰🥰🥰 app is good but i was live in abroad and when i enter my otp code it didnt make me to write my code it the app want it self write thats not fair so please other wise i like it why,5,2025-11-15,BOA,Google Play
when trying to activate the app it keeps on loading on the security questions page. It has been two days,1,2025-11-13,BOA,Google Play
fast and simple,5,2025-11-11,BOA,Google Play
best of best,5,2025-11-10,BOA,Google Play
Worest Banking App Ever I seen. Fake App Bad Better to Leave,1,2025-11-10,BOA,Google Play
good,4,2025-11-10,BOA,Google Play
"I would like to share feedback regarding the application. It frequently experiences disruptions and does not function properly, often freezing or failing to load. This issue is affecting workflow and efficiency. Kindly review and address this problem to ensure smoother performance.",1,2025-11-08,BOA,Google Play
Meet you genuine.App I tried is not functional.Helping.welldoingwith BOA Ethiopia .fastandrelevant.morconnecting Digitalyworld.Digitalyworld. thanks.,5,2025-11-08,BOA,Google Play
best app,5,2025-11-08,BOA,Google Play
Best app,5,2025-11-07,BOA,Google Play
"Barely works, it always fails to connect",1,2025-11-07,BOA,Google Play
this app launch time is so long also has dozen bugs in addition it's has been long time get update,1,2025-11-05,BOA,Google Play
very nice,5,2025-11-04,BOA,Google Play
"Your application is very irritating to use, some functionality doesn't even work like on the card management. You need to do better than this and it good idea to reference other banking applications.",3,2025-11-04,BOA,Google Play
I like,5,2025-11-02,BOA,Google Play
ወይ አሻሽሉትና እንጠቀምበት ያለያ ብታጠፉት ይሻላል። በቃ ምንም ነገር አይሰራም መተግበሪያ አለን ብላችሁ እንዳታወሩ ለማንም የማይመከር ቀርፋፋና ተግባር የለሽ መተግበሪያ,1,2025-11-01,BOA,Google Play
i m sorry but it doesn't work for my android it is too slow but other bank are very fast please update,1,2025-10-30,BOA,Google Play
"the worst app ever,",1,2025-10-30,BOA,Google Play
better,5,2025-10-29,BOA,Google Play
"I kindly request that Bank of abyssinia address issues with its mobile app. It is very slow, has numerous problems, and frequently experiences downtime. The user experience is also poor. Thank you.",1,2025-10-28,BOA,Google Play
this app can't open? what is problem? please solve my problem?,1,2025-10-28,BOA,Google Play
kiyaa makonn,5,2025-10-27,BOA,Google Play
very very lazy app,1,2025-10-26,BOA,Google Play
telebirr remittance,5,2025-10-24,BOA,Google Play
The best bank in 🇪🇹,5,2025-10-23,BOA,Google Play
its good,5,2025-10-22,BOA,Google Play
the worst app in my financial experience.,1,2025-10-22,BOA,Google Play
good for mb appliciation,5,2025-10-21,BOA,Google Play
the worst bank ever. slow don't accept dual sim. they are very stupid and greedy,1,2025-10-20,BOA,Google Play
try to easy network,4,2025-10-17,BOA,Google Play
hussen hassen umer,5,2025-10-16,BOA,Google Play
"The app is not suitable and lacks a good UI design. As a large bank, you must update your app with a professional UI that is fast and appropriate.",2,2025-10-16,BOA,Google Play
an exceptional banking app.,5,2025-10-16,BOA,Google Play
alhamdulilah,5,2025-10-11,BOA,Google Play
poor,5,2025-10-11,BOA,Google Play
Best of best,5,2025-10-09,BOA,Google Play
from the last week updates the app is not working Please check the problems,1,2025-10-08,BOA,Google Play
It's always crushing,1,2025-10-08,BOA,Google Play
office branches have to improve their services please,4,2025-10-07,BOA,Google Play
♥️♥️,5,2025-10-05,BOA,Google Play
Why does it keep crashing? I can't even use this. BOA should do better. You have many customers and how to deal with this. I can't send money now.,1,2025-10-05,BOA,Google Play
it needs a timely update,5,2025-10-03,BOA,Google Play
"It does not show the name of the person who sent the money to request a receipt. This has become very difficult for us. When different people transfer the same amount to me from different banks, it is very difficult to identify the account or the name of the sender.",3,2025-10-01,BOA,Google Play
Like,5,2025-10-01,BOA,Google Play
I can't type my otp on it.,1,2025-10-01,BOA,Google Play
"most of bank apps in Ethiopia are linked with ethiopian phone number, I live in US permanently so when I open BoA account, I told them where I live and to link it with email address instead of phone # as ethio phone number is not working where I live, unfortunetly my fear appeared and now when I change my phone device, it send the code to the ethio number which is not with me now. so please when u develop bank apps consider the diaspora community to use ur apps",1,2025-10-01,BOA,Google Play
jaajja,4,2025-09-30,BOA,Google Play
I love this bank the best experience ever.,5,2025-09-28,BOA,Google Play
"Nothing has been improved, it doesn't work like the previous version.",1,2025-09-25,BOA,Google Play
Great,5,2025-09-20,BOA,Google Play
mobile banking,5,2025-09-19,BOA,Google Play
very good,5,2025-09-18,BOA,Google Play
😎,5,2025-09-18,BOA,Google Play
"need alot of connection, chooses device, very lug even when there is connection",1,2025-09-17,BOA,Google Play
On my ios it's perfect but on android it barley works and don't transfer and after a while it crushed and totally stopped working. Please fix the issue my beloved bank of abyssinia.,1,2025-09-15,BOA,Google Play
none,5,2025-09-14,BOA,Google Play
good,2,2025-09-13,BOA,Google Play
good,5,2025-09-12,BOA,Google Play
very good app i ever used,5,2025-09-12,BOA,Google Play
its nice app especially the transaction limit is extended but We face that BoA m.banking app doesn't respond at the activation stage strictly at SMSNG mobile phone. please try this to make safe.,4,2025-09-11,BOA,Google Play
zedo,5,2025-09-11,BOA,Google Play
please open my mobile app,5,2025-09-10,BOA,Google Play
it doesn't open,1,2025-09-10,BOA,Google Play
Very Good,5,2025-09-09,BOA,Google Play
Best banking transaction application in Ethiopia !,5,2025-09-05,BOA,Google Play
السلام عليكم ورحمة الله وبركاته ماشاء الله تبارك الرحمن هذا التطبيق ممتاز جدا,5,2025-09-04,BOA,Google Play
tamaam kamal,1,2025-09-04,BOA,Google Play
በጣም ሐሪፍ,5,2025-09-03,BOA,Google Play
great 👍,5,2025-09-02,BOA,Google Play
goof,4,2025-09-01,BOA,Google Play
absiniya banki,5,2025-08-29,BOA,Google Play
has issue after installation and i think it doesn't work with tecno common 30,1,2025-08-26,BOA,Google Play
One of the best in this business,5,2025-08-25,BOA,Google Play
Excellent,5,2025-08-20,BOA,Google Play
besat🥰,5,2025-08-19,BOA,Google Play
unlimited experience,5,2025-08-18,BOA,Google Play
"as bank, u should at least hire someone good at their job bc this a joke nowadays I can't even log in or even transfer without it crashing if u fix the app I will update this review I am counting on u boa update: so they atleast fixed it but as suggestion can u put password when in final step of sending money it will feel more secure that way",4,2025-08-17,BOA,Google Play
very nice mobile banking app my favourite,5,2025-08-16,BOA,Google Play
"it almost never boots up!!! and even if it did, it crashes immediately",1,2025-08-15,BOA,Google Play
best apps,5,2025-08-15,BOA,Google Play
the worst app ever to exist in a bank history,1,2025-08-15,BOA,Google Play
thank you,5,2025-08-14,BOA,Google Play
Best mobile app in the country,5,2025-08-14,BOA,Google Play
not fast,2,2025-08-12,BOA,Google Play
keeps freezing at the front page.,1,2025-08-10,BOA,Google Play
it is not working on redminote 11 pro+ pls fix it,1,2025-08-08,BOA,Google Play
abseniya bank app,5,2025-08-08,BOA,Google Play
good,5,2025-08-05,BOA,Google Play
yes goode app,5,2025-08-03,BOA,Google Play
Great App,5,2025-08-02,BOA,Google Play
1) Crashes repeatedly 2) Takes Century to Boot 3) Repeatedly requires Update which is very annoying. 4) It doesn't ask for Password for one step confirmation when transferring money. 5) Automatically stops music when the app is launched (it doesn't really matter just fyi) Overall this have to be the worst mobile banking app I have tried so far and should not be released with all these bugs & issues.,1,2025-08-02,BOA,Google Play
ረጀብነሱ,1,2025-07-31,BOA,Google Play
The Worst Mobile Banking App.,1,2025-07-31,BOA,Google Play
giod,5,2025-07-30,BOA,Google Play
best bank in ethiopia,5,2025-07-29,BOA,Google Play
waqayyoo,5,2025-07-28,BOA,Google Play
please is not working,2,2025-07-27,BOA,Google Play
nothing when I need to install the Apk it say that re-up date,5,2025-07-25,BOA,Google Play
I can log in from any where,5,2025-07-23,BOA,Google Play
😇,3,2025-07-21,BOA,Google Play
no proplem,5,2025-07-20,BOA,Google Play
👍👍👍,5,2025-07-20,BOA,Google Play
excellent app,5,2025-07-18,BOA,Google Play
good work,5,2025-07-15,BOA,Google Play
☹️,5,2025-07-15,BOA,Google Play
excellent,5,2025-07-14,BOA,Google Play
Great BoA,5,2025-07-14,BOA,Google Play
Good,5,2025-07-14,BOA,Google Play
Okay,4,2025-07-13,BOA,Google Play
not working,1,2025-07-12,BOA,Google Play
This App is Getting worse and worse with every update,2,2025-07-11,BOA,Google Play
ምርጥ ነው,1,2025-07-10,BOA,Google Play
nice,5,2025-07-10,BOA,Google Play
Best app,5,2025-07-08,BOA,Google Play
meku,5,2025-07-07,BOA,Google Play
nice,4,2025-07-04,BOA,Google Play
awasome app go a head,5,2025-07-04,BOA,Google Play
😎,5,2025-07-03,BOA,Google Play
it sucks as hell. it crashes most of the time and takes a long time to load .,1,2025-07-03,BOA,Google Play
Easy and very nice app to load more than the previouse but in recent time some loading problem detected.,5,2025-07-01,BOA,Google Play
wow,5,2025-07-01,BOA,Google Play
"The worst MBA I have experienced, The app crush frequently and they take to long to fix the problem even more than a week.",1,2025-06-27,BOA,Google Play
amazing Banks App👌👌,3,2025-06-25,BOA,Google Play
goof,5,2025-06-25,BOA,Google Play
good App fore me,5,2025-06-25,BOA,Google Play
"very uninterested it's not working when the ""developer mode on"" i haven't off the developer options i preferred to uninstall your app .....",1,2025-06-24,BOA,Google Play
fantastic,5,2025-06-22,BOA,Google Play
👍,4,2025-06-21,BOA,Google Play
it's nice to use.,5,2025-06-21,BOA,Google Play
app doesn't start,1,2025-06-21,BOA,Google Play
Excellent application,5,2025-06-18,BOA,Google Play
its very bad app its very slow,1,2025-06-17,BOA,Google Play
ብዙዬ ሺዋየ በለጠ,1,2025-06-15,BOA,Google Play
good,1,2025-06-15,BOA,Google Play
Good job!,5,2025-06-13,BOA,Google Play
best financial app.,5,2025-06-12,BOA,Google Play
ቆንጆ ነው በርቱ,5,2025-06-11,BOA,Google Play
the worst app humans ever created,1,2025-06-09,BOA,Google Play
it's not working,3,2025-06-05,BOA,Google Play
"Hello, I’m facing a problem with the BOA Mobile app. Every time I enter my phone number and password, the app crashes and shows an error that says “BoaMobile closed because this app has a bug.” I tried updating, reinstalling, and clearing cache, but nothing worked. Please fix this bug in the next update. I really need access to my account. Thank you.",1,2025-06-03,BOA,Google Play
exceptional,5,2025-06-03,BOA,Google Play
BoA Mobile good bank,5,2025-06-02,BOA,Google Play
this is worest app 24/7 loading,1,2025-06-01,BOA,Google Play
BoA system is confartable,5,2025-06-01,BOA,Google Play
"this app, for me , is a waste of time. It doesn't work . I can't even long in, and it really piss me off. FIX THE PROBLEM",1,2025-05-27,BOA,Google Play
Good service.,3,2025-05-25,BOA,Google Play
the app crush frequently,1,2025-05-24,BOA,Google Play
good,5,2025-05-22,BOA,Google Play
You guys keeps getting worst,1,2025-05-22,BOA,Google Play
good,5,2025-05-21,BOA,Google Play
"This app is a joke. It crashes more than it works, takes forever to load, and half the features are just decorative at this point. Can’t log in, can’t transfer money, can’t even check my balance without it bugging out. To the developer: Are you actually trying to make this work, or is this some kind of social experiment to test our patience? Did you build this in your sleep? Because it definitely looks like it. If this is your idea of a functional app, maybe consider a different career path🙏",1,2025-05-21,BOA,Google Play
BoA,2,2025-05-20,BOA,Google Play
good,5,2025-05-20,BOA,Google Play
but not opening on android,4,2025-05-19,BOA,Google Play
Worst App ever. Totally unreliable. And it didn't work at all for the last 4 months.,1,2025-05-18,BOA,Google Play
amazing,5,2025-05-18,BOA,Google Play
excellent,5,2025-05-15,BOA,Google Play
"this app does no work on Samsung a51, it just gives a preview of the logo",1,2025-05-11,BOA,Google Play
nice,5,2025-05-10,BOA,Google Play
"i entered incorrect security question by mistake boa app lock pin forever, why is there no other options? ?? i contacted different branchs more then 4times but they didn't able to solve this issue .",5,2025-05-10,BOA,Google Play
Best app,5,2025-05-09,BOA,Google Play
liking this application good 👍,5,2025-05-07,BOA,Google Play
"This app future is good, but there is problems with apps to reset and activate it, which is difficult even to the branch staffs, and it takes too long times to active at the branch plus most of the time high expected failure of activation after process at the counter and OTP sent not work",1,2025-05-06,BOA,Google Play
good,5,2025-05-06,BOA,Google Play
good,5,2025-05-02,BOA,Google Play
good,4,2025-04-30,BOA,Google Play
wow,5,2025-04-28,BOA,Google Play
it's really good 👍,5,2025-04-23,BOA,Google Play
Bad app . it stuck when you open and noting WORKS.,1,2025-04-23,BOA,Google Play
"the app isn't working after it asked me the password it starts loading, but it doesn't open",3,2025-04-20,BOA,Google Play
Best,2,2025-04-19,BOA,Google Play
It keeps showing this pop up to turn off developer options even tho it's off! I had to turn on and then off to make it work! This is a horrible experience and needs a fix asap! Plus kinda slow.,1,2025-04-19,BOA,Google Play
yideg,1,2025-04-18,BOA,Google Play
great boa,5,2025-04-10,BOA,Google Play
Best,5,2025-04-10,BOA,Google Play
boa of mobile backing,5,2025-04-09,BOA,Google Play
nice,5,2025-04-09,BOA,Google Play
faster bank of Abissinya,5,2025-04-08,BOA,Google Play
i would have given it a lower if it was possible because it crush so much and it take the bank so long to fix the bug,1,2025-04-08,BOA,Google Play
it just doesn't work...so frustrating,1,2025-04-07,BOA,Google Play
like,5,2025-04-06,BOA,Google Play
it's not work correctly... you must have update it,1,2025-04-06,BOA,Google Play
"the app gets a considerable improvements like language , QR scanner and unlimited transfers survice. but BOA Please do alot on its fastness and convenient when we login and making a transactions.",5,2025-04-04,BOA,Google Play
after i typed in my password it says successfully logged out ...and goes back to the first page,2,2025-04-04,BOA,Google Play
waw,5,2026-02-26,Dashen,Google Play
ተመ,5,2026-02-21,Dashen,Google Play
worst bank ever ... they will take your money and lock you out with no reason what so ever,1,2026-01-19,Dashen,Google Play
Nice,5,2026-01-12,Dashen,Google Play
Very disappointing application. it's getting worst by the day. both Amole and their super app. Just abysmal. Very sad.,1,2025-10-31,Dashen,Google Play
"Banking made simple, smart, and safe.",5,2025-10-28,Dashen,Google Play
It is the best of all i liked it i used it almost 2 years. As a idea i ask dashen bank system officier please make it self registerable app,5,2025-10-27,Dashen,Google Play
gngu,5,2025-10-21,Dashen,Google Play
"The app is very good , but it does not tell the account number to which transfer is made and the transfer reciever also does not know from whom the transaction was made.Moreover it requires frequent update within short period. Hence improve it accordingly.",4,2025-09-09,Dashen,Google Play
"The best app and easy to use. The only draw back, it has no password reset option without going to brach. Pls modify it.",3,2025-08-24,Dashen,Google Play
Please enable the app for sreen shoot,1,2025-08-19,Dashen,Google Play
good,3,2025-08-11,Dashen,Google Play
good,4,2025-08-08,Dashen,Google Play
the best mobile banking app in Ethiopia,5,2025-07-19,Dashen,Google Play
ግኡድ app,5,2025-07-17,Dashen,Google Play
nice app,5,2025-07-16,Dashen,Google Play
it's awesome application but there is no available card less système,5,2025-07-12,Dashen,Google Play
The app suddenly stops,1,2025-06-12,Dashen,Google Play
nice app,4,2025-06-12,Dashen,Google Play
it is even super than super app,5,2025-06-12,Dashen,Google Play
It would be more helpful if a/c no used for transfer are saved and usable for any future time transfers,4,2025-06-10,Dashen,Google Play
truly one step ahead,4,2025-06-09,Dashen,Google Play
best,5,2025-06-05,Dashen,Google Play
nice application,4,2025-05-27,Dashen,Google Play
best,5,2025-05-22,Dashen,Google Play
bast smart bank sistem dashen amole dashen bamk,5,2025-05-17,Dashen,Google Play
best app,5,2025-05-16,Dashen,Google Play
ለአጠቃቀም እጅግ ቀላልና ድህንነቱ የተጠበቀ ነው።,5,2025-05-16,Dashen,Google Play
"Worst app possible, I don't think it gets worse than this. Least user friendly process to exchange your own money, far too many hurdles you have to get past to make a simple money transfer. Even after getting past all the hurdles you are restricted with a min and I believe a max amount of your own money you have access to, not to mention time restrictions; I wasn't able to access my money past midnight multiple times. You can't change tab to another app, having opened this without it crashing.",1,2025-05-15,Dashen,Google Play
I'm a Dashen Bank customer as I know its function and duty. Thanks.,5,2025-05-15,Dashen,Google Play
Amole is the digital mobile application what i prefer.,5,2025-05-15,Dashen,Google Play
nice,4,2025-05-12,Dashen,Google Play
best mobile banking app👍,5,2025-05-10,Dashen,Google Play
Complicated and fake app,1,2025-04-29,Dashen,Google Play
Its Good updation from Previous,3,2025-04-25,Dashen,Google Play
yarid dima,5,2025-04-17,Dashen,Google Play
Best app,5,2025-04-14,Dashen,Google Play
"Requires updates too frequently, often has server related issues, the fingerprint always requires updating, it's the most unreliable app I've used and always fails when you want to make urgent payments.",2,2025-04-10,Dashen,Google Play
dashin,3,2025-04-08,Dashen,Google Play
disappointed because of option to transfer cash on telebirr is limited for self only.... those and other similar given choices by the bank used us to choose this bank over others! no doubt I will be not preferring this bank with no unique incentives.,1,2025-03-29,Dashen,Google Play
everything is perfect,5,2025-03-29,Dashen,Google Play
good,4,2025-03-26,Dashen,Google Play
Dashin Bank#1,5,2025-03-20,Dashen,Google Play
Both Amole & Dashen superApp are by far the worst mobile banking apps i have ever came across. if only there is 0 star option,1,2025-03-18,Dashen,Google Play
"funny app, so much gymnastics just to be an app for sending and receiving money.",3,2025-03-18,Dashen,Google Play
I use this app so many times so i like it,5,2025-03-17,Dashen,Google Play
Why did u change the option to transfer to other tellebirr account,1,2025-03-17,Dashen,Google Play
It's nice and simple to use app.,5,2025-03-17,Dashen,Google Play
Just 👍,5,2025-03-15,Dashen,Google Play
Not god its,5,2025-03-14,Dashen,Google Play
Regarding Internet banking i really choice a Dashen Bank and I have one recommendation for app developer shall considere the low android level means 4-6 android to adress all types of android users because now a days the current updated app can't support such android.Thanks!!!,5,2025-03-08,Dashen,Google Play
It doesn't work,1,2025-03-02,Dashen,Google Play
ምርጥ,5,2025-02-28,Dashen,Google Play
Best,5,2025-02-26,Dashen,Google Play
Please the update is refused to be download on my phone tecno f1. Please solve this issue ASAP,1,2025-02-26,Dashen,Google Play
Excellent app,5,2025-02-24,Dashen,Google Play
"Very poor service, always not responding when ever we need to transfer I rate it 0 !",1,2025-02-23,Dashen,Google Play
The recent update is broken. It diesn't allow to take screen shots (which by it self is not a problem) and the share button of a transaction doesn't work nor it will download the transaction receipt. I know security is especially important for banking systems but such a huge limitations on functionality will not serve the app any good. I guess the super app is the way to go.,2,2025-02-21,Dashen,Google Play
It is good but have so much problem ...even it say not compateble to your phone...it not easy for work ..,1,2025-02-20,Dashen,Google Play
Dashen bank ATM,5,2025-02-20,Dashen,Google Play
Good,1,2025-02-18,Dashen,Google Play
Good Banking App,5,2025-02-17,Dashen,Google Play
stay hamble,5,2025-02-14,Dashen,Google Play
Great,5,2025-02-13,Dashen,Google Play
ይሄ አሪፍ,2,2025-02-12,Dashen,Google Play
good app i like it but still i am confused because i cannot use prperly so Please check the app,3,2025-02-12,Dashen,Google Play
Very slow and it seems it needs update everytime,1,2025-02-12,Dashen,Google Play
Best,5,2025-02-12,Dashen,Google Play
Nice,5,2025-02-11,Dashen,Google Play
Open app amole dashin,5,2025-02-10,Dashen,Google Play
Akiliua,5,2025-02-10,Dashen,Google Play
Perfiekt,5,2025-02-10,Dashen,Google Play
Help,5,2025-02-08,Dashen,Google Play
Good app,5,2025-02-08,Dashen,Google Play
A very fast mobile banking app,5,2025-02-07,Dashen,Google Play
Good,5,2025-02-07,Dashen,Google Play
Good job,5,2025-02-07,Dashen,Google Play
It's nice and easy to use,5,2025-02-07,Dashen,Google Play
Nice app,5,2025-02-07,Dashen,Google Play
Good app i used it always,5,2025-02-07,Dashen,Google Play
It is very very slow pls update,2,2025-02-06,Dashen,Google Play
Very slow and it seems that every update something else is not working. The latest update doesn't allow me to use biometrics anymore and maximum daily transfer to Telebirr is 5k?!,1,2025-02-04,Dashen,Google Play
Good app Amole Wonderful,5,2025-02-01,Dashen,Google Play
This app needs many modifications. It takes long time to log in to the account. It is not as fast as CBE. please Update it🙏🙏🙏,1,2025-02-01,Dashen,Google Play
"The app is cool, but unlike other banks they don't provide a receipt for mobile banking transactions, which makes it useless for payments that require receipt",2,2025-01-31,Dashen,Google Play
I am glad to customer with you .I have plan to use dube ale and amole.,5,2025-01-27,Dashen,Google Play
WOW that's awesome,5,2025-01-27,Dashen,Google Play
I cant choose select an account,1,2025-01-26,Dashen,Google Play
Good👍,5,2025-01-22,Dashen,Google Play
Good,5,2025-01-16,Dashen,Google Play
wow,5,2025-01-15,Dashen,Google Play
we needs modification at all !,1,2025-01-14,Dashen,Google Play
It was good at first but now the system is very bad.please try to fix it.,1,2025-01-14,Dashen,Google Play
Generic error how tofix,4,2025-01-06,Dashen,Google Play
Fast and suitable to learn.,5,2025-01-04,Dashen,Google Play
"The app is extremely slow, often stuck on the logo. Security is poor, requiring only username/password. This allows unauthorized transactions. A large company like yours needs stronger security, such as two-factor authentication. The app's speed lags significantly compared to others. Numerous updates are needed to improve performance and security. Currently, it's a frustrating and time-wasting experience.",1,2025-01-03,Dashen,Google Play
Sometimes it's soo slow,3,2025-01-01,Dashen,Google Play
the best app I used always,1,2024-12-31,Dashen,Google Play
Amole apk is ..... it's very good apk . please used amole Apk,5,2024-12-29,Dashen,Google Play
fast and secure app,5,2024-12-23,Dashen,Google Play
Ok,4,2024-12-18,Dashen,Google Play
I am new for this App let me to use and i will rate 5 star while i get Satisfie,3,2024-12-17,Dashen,Google Play
Yeb,5,2024-12-12,Dashen,Google Play
Good Ait service!,5,2024-12-09,Dashen,Google Play
Sisay mustefa abani,5,2024-12-09,Dashen,Google Play
Wow,5,2024-12-06,Dashen,Google Play
"It can't load, even in a fast network connection. This app is so bad that it needs fixing",1,2024-12-05,Dashen,Google Play
The best mobile banking in Ethiopia 👍👍,5,2024-12-03,Dashen,Google Play
Thnk you,5,2024-12-02,Dashen,Google Play
Nice,5,2024-11-30,Dashen,Google Play
I like this app b/c it has many options and easily useable,5,2024-11-29,Dashen,Google Play
Its nice but it does not have speed it requires a lot of patience it will not be for a problem,3,2024-11-28,Dashen,Google Play
It is better if he blinks (ከንግድ ባንክ666).,5,2024-11-28,Dashen,Google Play
Naysssss,5,2024-11-27,Dashen,Google Play
best,5,2024-11-27,Dashen,Google Play
It's good,3,2024-11-21,Dashen,Google Play
Big love,5,2024-11-20,Dashen,Google Play
Excellent,5,2024-11-16,Dashen,Google Play
Please decrease app size,4,2024-11-09,Dashen,Google Play
Nice app,5,2024-11-08,Dashen,Google Play
It's great,5,2024-11-08,Dashen,Google Play
Alem Zeleqe,3,2024-11-08,Dashen,Google Play
❤️,5,2024-11-08,Dashen,Google Play
Best,5,2024-11-06,Dashen,Google Play
Nice,1,2024-10-30,Dashen,Google Play
Great Financial App,5,2024-10-28,Dashen,Google Play
Deshan bank,5,2024-10-27,Dashen,Google Play
"Still in love with it but while the app start to open, it takes time pls upgrade & fix the bug.",5,2024-10-22,Dashen,Google Play
It's such an amazing app. Truly Dashen bank is always one step ahead of other banks in 🇪🇹 👍,5,2024-10-16,Dashen,Google Play
Good,5,2024-10-02,Dashen,Google Play
Best App for all users.,5,2024-10-02,Dashen,Google Play
I ilke very much,5,2024-09-25,Dashen,Google Play
"The app suffers from severe performance issues, particularly with response times. The backend seems to have high latency, as the OTP generation and delivery process consistently delays, even after the server acknowledges that it has been sent. API requests frequently fail, returning non-descriptive error messages that lack proper exception handling, making it difficult for users to understand the issue. I know you will gonne say""ehe yedekem hzb teche alteche"", but that it.",1,2024-09-12,Dashen,Google Play
"The security, cool, every time OTP!! The UI, let's not talk about the UI, But how the heck it says ""offline mode is not available"" something like that, when I enter more than the max amount to transfer. Fellas i am a web dev, this is bad UX. It needs update on the UX. Will see the UI later.",3,2024-09-10,Dashen,Google Play
Select from Sending account option not working when trying to send to other banks,2,2024-09-08,Dashen,Google Play
It's not working,1,2024-09-08,Dashen,Google Play
nice App,5,2024-09-07,Dashen,Google Play
የአንደኛ ቀዳሚ ምርጫችን ዳሽን ባንክ ሁልጊዜ አንድ እርምጃ ቀዳሚ። የአሞሌ አስጠቃሚ።,5,2024-09-03,Dashen,Google Play
best app,5,2024-08-29,Dashen,Google Play
በጠም ውደድኩት ስህተት ከለው በጠም መዝገቱ ደስ ብሎኛል,5,2024-08-24,Dashen,Google Play
🔥,4,2024-08-24,Dashen,Google Play
"Although the application is good, but, it is difficult to get out. The app does not work to get out with the back cursor . Fix it quickly.",1,2024-08-22,Dashen,Google Play
Go,3,2024-08-21,Dashen,Google Play
"I like thise app it is smart app,but when i make one mistake it will automatically block",5,2024-08-15,Dashen,Google Play
Nice,5,2024-08-14,Dashen,Google Play
Suaud,5,2024-08-05,Dashen,Google Play
wenderfull,5,2024-08-03,Dashen,Google Play
Nice app in Ethiopia,5,2024-08-01,Dashen,Google Play
Nice,5,2024-07-30,Dashen,Google Play
simply the best,5,2024-07-26,Dashen,Google Play
Very nice mob app,3,2024-07-26,Dashen,Google Play
nice,5,2024-07-24,Dashen,Google Play
Good,5,2024-07-09,Dashen,Google Play
Best,5,2024-07-02,Dashen,Google Play
"I hate this app stack and blackscreen not open as required ,normaly i resigned my job do to this app b/c our salary are depoite by dashen bank",1,2024-06-28,Dashen,Google Play
Wow Very Nice App,5,2024-06-22,Dashen,Google Play
Telebirr agent deposit is not working until now. Please fix it. Fix it fast.,5,2024-06-19,Dashen,Google Play
Very good,5,2024-06-16,Dashen,Google Play
The developers have incorporated biometric login which has made the app very convenient and user friendly. I will now increase my rating as promised,5,2024-06-15,Dashen,Google Play
Memekaye miliyoon girmaa,3,2024-06-14,Dashen,Google Play
This app is 🤩,5,2024-06-12,Dashen,Google Play
Be adjusted this app is not available anytime,5,2024-06-11,Dashen,Google Play
Super app,5,2024-06-10,Dashen,Google Play
"Very poor app! It locked my out without any reason, does not have any conformation or screenshots . And delay when opening of the app. It is just time wasting.",1,2024-06-09,Dashen,Google Play
Best app....,5,2024-06-06,Dashen,Google Play
wow amole,4,2024-06-03,Dashen,Google Play
We,1,2024-06-01,Dashen,Google Play
Best,5,2024-06-01,Dashen,Google Play
Tye app is mostly good but you should make it be able to save usernames instead of typing every time i want to login,4,2024-05-31,Dashen,Google Play
"It's good enough. But, there is slowing in beginning of the App....",5,2024-05-24,Dashen,Google Play
"Good for safety,take long way though",5,2024-05-22,Dashen,Google Play
😘,5,2024-05-20,Dashen,Google Play
Bad app that not helping me the is not login,1,2024-05-18,Dashen,Google Play
Good,4,2024-05-15,Dashen,Google Play
Best after removal of screelock password,5,2024-05-13,Dashen,Google Play
"I really don't get how this is the lite version and it is bigger than the og app, ah well it is what it is ig ¯⁠\⁠_😂_⁠/⁠¯",5,2024-05-10,Dashen,Google Play
"Dashen Bank is the gold standard of banking in Ethiopia! The mobile app makes banking convenient and efficient. Plus, the branch services is top-notch, with staff always ready to assist with a smile.",5,2024-05-10,Dashen,Google Play
ማይ,1,2024-05-09,Dashen,Google Play
Doesn't work most of the time,1,2024-05-09,Dashen,Google Play
that is awesome,5,2024-05-01,Dashen,Google Play
"It's so boring.... I don't wanna say this but this app so tough to take action. It's take long time and also it's conditional mostly it's not available, in 1 day it's work for 1 or 2 hour .... this bank so huge but de app it's not enough to define your exellence",1,2024-04-30,Dashen,Google Play
We,5,2024-04-28,Dashen,Google Play
Jafare has fyguhfiwudgg,5,2024-04-25,Dashen,Google Play
it's fine,5,2024-04-20,Dashen,Google Play
This app is very good Nice app people please use this app 😃☺️☺️,5,2024-04-20,Dashen,Google Play
Nice,5,2024-04-18,Dashen,Google Play
Wow amazing platform 🙏,5,2024-04-17,Dashen,Google Play
"I tried to log in twice and locked me out. I tried to email them, but no one responded 🙃 please respond to our email back",1,2024-04-12,Dashen,Google Play
Why dont update,5,2024-04-06,Dashen,Google Play
Good app,5,2024-04-06,Dashen,Google Play
Best,5,2024-04-01,Dashen,Google Play
Nice,4,2024-03-31,Dashen,Google Play
This app is so good and its an interesting,3,2024-03-29,Dashen,Google Play
The best easy banking app ever @ Ethiopia,5,2024-03-26,Dashen,Google Play
Amole lite wow its more easy for use and more secured. I really its one step a head,5,2024-03-25,Dashen,Google Play
Excellent and Easy to use.,5,2024-03-25,Dashen,Google Play
wow,5,2024-03-24,Dashen,Google Play
it's good app I'm using it right now but after it have installed doesn't work fastly and again goes to update..plc fix the problem..,3,2024-03-23,Dashen,Google Play
Very nice,5,2024-03-22,Dashen,Google Play
It's good app,5,2024-03-22,Dashen,Google Play
Very secured app but after the last update it takes long time to start .pls minimize the start time ppl might have no patience to wait more than 30 seconds just for the app to open ..,5,2024-03-22,Dashen,Google Play
Nice,4,2024-03-22,Dashen,Google Play
I don't know why I have been stuck with other mobile banking systems when all I needed was amole... I loved it,5,2024-03-22,Dashen,Google Play
Special for me,5,2024-03-21,Dashen,Google Play
Baset app,5,2024-03-20,Dashen,Google Play
it is good App,4,2024-03-19,Dashen,Google Play
Nuuroo usmaan gaamilcom,5,2024-03-18,Dashen,Google Play
good,4,2024-03-18,Dashen,Google Play
Very good app,5,2024-03-17,Dashen,Google Play
Student,5,2024-03-17,Dashen,Google Play
it has a lot of options but it is a slowe while opning by biometric,2,2024-03-17,Dashen,Google Play
The last update is not working correctly so i stop using this app betam huwala ker new dashen bank needs to work on its digital app teams,5,2024-03-17,Dashen,Google Play
How to use application,5,2024-03-17,Dashen,Google Play
cooooolllllll,5,2024-03-17,Dashen,Google Play
I prefered you b/cs your service charge is very fair.,5,2024-03-16,Dashen,Google Play
Excellent App And Easy To Use Every where.,5,2024-03-16,Dashen,Google Play
ተመችቶናል,4,2024-03-16,Dashen,Google Play
The best app,5,2024-03-16,Dashen,Google Play
Well done Dashen Bank.,4,2024-03-16,Dashen,Google Play
Good,5,2024-03-13,Dashen,Google Play
"The UI/UX experience is already good, but some minor tweaks in font sizes and color can take it to the top-notch level. Imagine the sheer joy and satisfaction your users will feel when they see the polished and refined interface you've created for them. Don't miss the opportunity to impress them even more with these simple yet impactful changes.",5,2024-03-12,Dashen,Google Play
I m the one here in Dashen bank,5,2024-03-06,Dashen,Google Play
improve more,3,2024-03-04,Dashen,Google Play
ለመግባት (login) ቀርፋፋ ነው ።,1,2024-03-04,Dashen,Google Play
I like this,3,2024-03-03,Dashen,Google Play
Longin fails repeatedly,3,2024-02-28,Dashen,Google Play
One of the best app I have ever seen it's simple to use,5,2024-02-26,Dashen,Google Play
Personal scored,5,2024-02-25,Dashen,Google Play
Nice app,5,2024-02-24,Dashen,Google Play
best app,5,2024-02-24,Dashen,Google Play
Best app,3,2024-02-24,Dashen,Google Play
Good,5,2024-02-24,Dashen,Google Play
Welcome,4,2024-02-22,Dashen,Google Play
Good,5,2024-02-21,Dashen,Google Play
Needs to be underrated. Bad service,1,2024-02-20,Dashen,Google Play
Easy to use,4,2024-02-15,Dashen,Google Play
Its nice,5,2024-02-12,Dashen,Google Play
Mudeme,5,2024-02-12,Dashen,Google Play
The upgraded Amole lite app is nice. I’ve loved it. But #USSD CANNOT BE ADJUSTED FOR NEW CUSTOMERS ESPECIALLY THOSE WHO DO NOT HAVE SMARTPHONES. YOU NEED TO IMPROVE THIS ONE,5,2024-02-11,Dashen,Google Play
Good,1,2024-02-11,Dashen,Google Play
Past,5,2024-02-10,Dashen,Google Play
Nice app,5,2024-02-10,Dashen,Google Play
It doesn't work,5,2024-02-09,Dashen,Google Play
Open,1,2024-02-09,Dashen,Google Play
Good app,1,2024-02-08,Dashen,Google Play
good,5,2024-02-08,Dashen,Google Play
Awesome,5,2024-02-06,Dashen,Google Play
receipt downloading is not avialable in this version,1,2024-02-05,Dashen,Google Play
Good 👍,5,2024-02-04,Dashen,Google Play
Not reliable!,1,2024-02-04,Dashen,Google Play
The last update doesn't work when you chose account to send money on lower Android version,1,2024-02-04,Dashen,Google Play
Nice app,1,2024-02-03,Dashen,Google Play
Exchange rate is not real,5,2024-02-03,Dashen,Google Play
Good,5,2024-02-03,Dashen,Google Play
Good Security,5,2024-02-03,Dashen,Google Play
"It's good app but i can not see the history of transactions on the app and also updated one is not good can't send always says, choose account",5,2024-02-02,Dashen,Google Play
Its good,5,2024-02-02,Dashen,Google Play
Happy day,4,2024-02-01,Dashen,Google Play
"Disabled taking screenshots so there's no way to share payment confirmation screenshot with people. When you think the app couldn't get any worse, somehow these people find a way to do so.",1,2024-02-01,Dashen,Google Play
Too technical.,1,2024-02-01,Dashen,Google Play
Excellent,5,2024-02-01,Dashen,Google Play
🥰🥰🥰🥰,5,2024-02-01,Dashen,Google Play
Fast and secured,5,2024-02-01,Dashen,Google Play
Good,5,2024-02-01,Dashen,Google Play
Good but it need additional work it is slow in respond,3,2024-01-31,Dashen,Google Play
Nice app,5,2024-01-31,Dashen,Google Play
My best,5,2024-01-31,Dashen,Google Play
"l am old customer of dashen bank, i started to use this app almost for five month, in those time i didn't saw any negative on this app, its interesting and you can pay and recieve payment easily. from ethiopian banks i give five star its always seek new technology than ever bank.",5,2024-01-31,Dashen,Google Play
Its nice please add reprint to get the receit,5,2024-01-31,Dashen,Google Play
Amole 100%,5,2024-01-31,Dashen,Google Play
I like it this app,4,2024-01-31,Dashen,Google Play
Best,5,2024-01-30,Dashen,Google Play
Smart and best always !,5,2024-01-30,Dashen,Google Play
Ok,1,2024-01-30,Dashen,Google Play
Dashed Bank A...,5,2024-01-29,Dashen,Google Play
Best app,5,2024-01-28,Dashen,Google Play
ያማችኋል አይሰራም,1,2024-01-22,Dashen,Google Play
since i started using this app its speed and reliability is great as well. it incorporates all technologies. I am very impressed with the modern work you are doing with little effort.,5,2024-01-22,Dashen,Google Play
"It doesn't work, it keeps saying ""there was a problem submitting your request. Please try again later"" how come banking app service down all the time. It is very irritating.",1,2024-01-17,Dashen,Google Play
Excellent quality Applications Dashen bank for ever,5,2024-01-15,Dashen,Google Play
Good,5,2024-01-13,Dashen,Google Play
Way,5,2024-01-13,Dashen,Google Play
This is the most ridiculous thing I have ever seen they are on maintenance everyother day,1,2023-12-31,Dashen,Google Play
Well improved!,4,2023-12-29,Dashen,Google Play
Keeps hanging ..,3,2023-12-24,Dashen,Google Play
It's exceptional,5,2023-12-24,Dashen,Google Play
Dashen Bank Amole Lite essy to use and the connection is fast.,5,2023-12-23,Dashen,Google Play
Ita fantastic,5,2023-12-23,Dashen,Google Play
It is best app,5,2023-12-19,Dashen,Google Play
Top,5,2023-12-18,Dashen,Google Play
Dashen Bank is App 🥰👌,5,2023-12-18,Dashen,Google Play
<> መፈክራችው እና ስራችው አይገናኝም ። በጣም የሚያስጠላ app ነው። ቀድሞ ያልዘመና ነው በአጠቃላይ ጊዜ እና ገንዘብ የሚያከስር app ነው ። keep our time unless uses this app,1,2023-12-18,Dashen,Google Play
I am very comfortable with the efficiency,5,2023-12-15,Dashen,Google Play
"I tried to use this app for long and failed to do so. Initially, I able to use it even though with difficulty (very slow, need of login and logout) now and then. Then i couldn't use it. I tried to reset with one of the Dashen branch bank but failed",1,2023-12-11,Dashen,Google Play
⭐️⭐️⭐️⭐️⭐️,5,2023-12-08,Dashen,Google Play
Too slow!,1,2023-12-05,Dashen,Google Play
a best tecnology appl.,5,2023-11-26,Dashen,Google Play
This app no working 1 star,1,2023-11-23,Dashen,Google Play
This app works so good. But i don't get it why it never show incoming fund transfer report? Have you notice this?,3,2023-11-23,Dashen,Google Play
it sስሎው አፕፕ ፕሊስ ቸንግ አንድ ፋሰት,1,2023-11-22,Dashen,Google Play
There is always room for improvement and an opportunity to adopt! keep improving and keep evolving. I would love to see external services provided by the Amole app to utilize and actively operate our banking account. Option to invest in ideas that could build Ethiopian creativity. Yosef ke Dallas,4,2023-11-22,Dashen,Google Play
"Even though I am a long-time Dashen Bank admirer, I find this app hard to use compared to other banks' mobile apps. It has a problem refreshing account balance, I needed to log out and login to see the updated account balance. Overall, user friendliness of the app needs a serious upgrade. I will improve my rating once problems are addressed.",1,2023-11-22,Dashen,Google Play
Best,5,2023-11-18,Dashen,Google Play
"very fast ,secure and simply to use i like amole",5,2023-11-15,Dashen,Google Play
Amazing,5,2023-11-13,Dashen,Google Play
The best of the best app,5,2023-11-12,Dashen,Google Play
ለአጠቃቀም አመቺ እና ቀላል የሆነ የሞባይል መተግበሪያ ነው ።,5,2023-11-12,Dashen,Google Play
It is a reliable and safe application.,5,2023-11-11,Dashen,Google Play
Good,5,2023-11-11,Dashen,Google Play
"Best app, it saves traveling cost plus work time forgone. Simply bank in your home and hand 🙏",5,2023-11-11,Dashen,Google Play
It is compatible.,4,2023-11-11,Dashen,Google Play
It's very good app but always try to open requested update...,4,2023-11-11,Dashen,Google Play
please how can i fix my app it keep saying application error i have tried to uninstall and install again nothing has changed please help,1,2023-11-10,Dashen,Google Play
"It is too slow application than any one of Ethiopian mobile banking apps. Please make it fast, and its feature beautiful. I am a Dashen Bank Customer and user of this app. Thank you.",2,2023-11-10,Dashen,Google Play
Best,5,2023-11-09,Dashen,Google Play
Not working sometimes,3,2023-11-09,Dashen,Google Play
The best one of the internet banking apps I've come across in Ethiopia. Only thing I would like to see added is the ability to get a receipt after the payment has been payed or transferred. Since it only gives a receipt right at the moment of payment and after that there is no way to get a receipt.,5,2023-11-08,Dashen,Google Play
nice app,4,2023-10-31,Dashen,Google Play
Excellent,5,2023-10-28,Dashen,Google Play
Best,5,2023-10-21,Dashen,Google Play
ምንድን ነው password 🔑 expired የሚለው,5,2023-10-17,Dashen,Google Play
Worst app ever all it does is load and fail plus your customer service on front are not supporting,1,2023-10-17,Dashen,Google Play
Best app I used it,1,2023-10-14,Dashen,Google Play
Faster secure and best international creadite card is the frist bank ethiopian bank to apply prophational card.,5,2023-10-13,Dashen,Google Play
Excllent,5,2023-10-07,Dashen,Google Play
This is nice adds that I like it.,5,2023-09-30,Dashen,Google Play
It is simple and fast.,5,2023-09-29,Dashen,Google Play
👏👏👏,4,2023-09-27,Dashen,Google Play
Vary good,2,2023-09-27,Dashen,Google Play
Amazing banking app.,5,2023-09-26,Dashen,Google Play
Great app,5,2023-09-25,Dashen,Google Play
Best app ever,5,2023-09-10,Dashen,Google Play
Ashabul,5,2023-09-10,Dashen,Google Play
Best easy and secure app thank you,5,2023-09-08,Dashen,Google Play
Best app Ever!,5,2023-09-03,Dashen,Google Play
"Why not we can pay bill,directly from main account, difficult to transfer repeatedly.",5,2023-09-02,Dashen,Google Play
"Aside of some of it's major flows, the worst one yet is that it doesn't give you the full detail of your transaction history. Like the receiver's name and account number. You've to take a screenshot to document it or send it to the receiver as a confirmation.",2,2023-09-02,Dashen,Google Play
Good app for use simple and easy,5,2023-09-01,Dashen,Google Play
ባጠቃላይ ባንኩ እወደዋለሁኝ,5,2023-08-31,Dashen,Google Play
"Like your slogan, you are one step ahead.",5,2023-08-31,Dashen,Google Play
Good,5,2023-08-31,Dashen,Google Play
Loved,5,2023-08-30,Dashen,Google Play
Very good app and secured,5,2023-08-28,Dashen,Google Play
This app is so simple to use and secured. But while generating receipt or ደረሰኝ its required additional app XML viewer or PDF conversion app. Why? Can we view the receipt through jpg viewers?,4,2023-08-26,Dashen,Google Play
Not too bad,3,2023-08-19,Dashen,Google Play
Teribble need a lot of work to improve,1,2023-08-19,Dashen,Google Play
ok,5,2023-08-19,Dashen,Google Play
ምርጥየ,5,2023-08-18,Dashen,Google Play
Baheru ጭስ,2,2023-08-16,Dashen,Google Play
Wawu,5,2023-08-12,Dashen,Google Play
Thank Dashen bank,5,2023-08-12,Dashen,Google Play
good,1,2023-08-12,Dashen,Google Play
Good,4,2023-08-11,Dashen,Google Play
Simple and secured,5,2023-08-10,Dashen,Google Play
its nice and easg to use.Also its unique part is very fast,5,2023-08-10,Dashen,Google Play
It's just ewww the app overall,2,2023-08-10,Dashen,Google Play
Love it,5,2023-08-09,Dashen,Google Play
Good App.,5,2023-08-09,Dashen,Google Play
Good,5,2023-08-05,Dashen,Google Play
Its good,5,2023-08-05,Dashen,Google Play
Simplify.,5,2023-08-01,Dashen,Google Play
Amazing,5,2023-08-01,Dashen,Google Play
"Abel Balcha, and Abel Solomon, sad to say what is annoying is to read your comment about password. Your comments on password tell your limited knowledge about digital security. Both comments goes against strong security policies; It is meant to protect your assets. Don't be careless on it. Reconsider your review. In a way you are telling how secure this app is. I hope Dashen will respond to disqualify your review points. It is just not fair.",4,2023-07-30,Dashen,Google Play
good👍,4,2023-07-28,Dashen,Google Play
Best,5,2023-07-27,Dashen,Google Play
good app,5,2023-07-27,Dashen,Google Play
"I really enjoy this app because by doing anything it could remind me and saying you logged in with this app, if is not you contact this number.. So I like it",5,2023-07-23,Dashen,Google Play
Tell 6836,1,2023-07-22,Dashen,Google Play
"The login should be auto filled,",3,2023-07-20,Dashen,Google Play
Good,5,2023-07-20,Dashen,Google Play
የአንድ ጊዜ ምስጥር ቁጥር ቶሎ አይመጣም ብዙ ሰዓት ያስጠብቃል ማሻሻያ ይደረግ,2,2023-07-20,Dashen,Google Play
Good app,4,2023-07-18,Dashen,Google Play
Used balance check app,5,2023-07-14,Dashen,Google Play
Nice so perfect,5,2023-07-06,Dashen,Google Play
It is easy to use,5,2023-07-04,Dashen,Google Play
This appi is 👍Good,3,2023-06-09,Dashen,Google Play
ጥሩ ነው ግን chrom ላይ password save አድርጎ ያቆያል,5,2023-06-09,Dashen,Google Play
Thankz,3,2023-06-08,Dashen,Google Play
Why should change password it's not good if ur client forget password it can be exhausted for client,2,2023-06-08,Dashen,Google Play
OTP not send on time while processing any transactions by this app.,4,2023-06-07,Dashen,Google Play
Good app,5,2023-06-06,Dashen,Google Play
"It is simple to use, one annoying thing is, it demands you to change passward frequently and then, when we get confused which passward we used last time, it locks you out, if you put wrong passward and then tells to go to your bank, which may be miles away. Please make the frequency of passward change less frequent.",2,2023-06-06,Dashen,Google Play
good upp,1,2023-06-06,Dashen,Google Play
best,5,2023-06-05,Dashen,Google Play
Five star,5,2023-05-26,Dashen,Google Play
It's amazing app use it!,5,2023-05-21,Dashen,Google Play
"I really enjoy using the amole app simple and easy. I hope the developers add card management services like change your pin, disable card and so on other than that I enjoy using amole it's great 👍",5,2023-05-16,Dashen,Google Play
I can't update amole lite and when I try to use the old version it can't log on to my account.,3,2023-05-13,Dashen,Google Play
It's good and easy to user from any branch. I say Continue ahead,5,2023-05-10,Dashen,Google Play
Good app,5,2023-05-06,Dashen,Google Play
ፈጣን እና ምርጥ ባንክ ነው mobile banking ደሞ በታም ኣሪፍ አና ተሎ የሚደርስ ከሌላ bank የተለየ ነው ቀጥሉበት ፡፡ እናመሰግናለን,5,2023-05-05,Dashen,Google Play
Best,5,2023-05-04,Dashen,Google Play
Best app,5,2023-04-28,Dashen,Google Play
This app is not expected from a bank that says they are pioneer in adapting technology.its user interface is worst than other bank its not intuitive at all .it needs lots of work,3,2023-04-28,Dashen,Google Play
Good,5,2023-04-18,Dashen,Google Play
best,5,2023-04-13,Dashen,Google Play
Best Application,5,2023-04-08,Dashen,Google Play
Ok,5,2023-04-01,Dashen,Google Play
ለ ንግድ ስራ yamehon 6 war yamemalsew tenshe bedr eflgalhu,4,2023-03-29,Dashen,Google Play
It`s good.but the transaction fee to other bank is too much,3,2023-03-28,Dashen,Google Play
Best,5,2023-03-27,Dashen,Google Play
Gaariidha!!!,5,2023-03-26,Dashen,Google Play
Good app it is useful for business activities .,5,2023-03-25,Dashen,Google Play
Good app,5,2023-03-25,Dashen,Google Play
Like,5,2023-03-24,Dashen,Google Play
Nice app,4,2023-03-22,Dashen,Google Play
Account is locked out without any wrong password retries 3 times. Sending OTP is unnecessary because it has its own username and password.we can not make transfer without having SIM card on hands.if it require SIM card why we not use USSD no need of app instead .it makes discomfort for using,3,2023-03-20,Dashen,Google Play
Good and reliable service,5,2023-03-19,Dashen,Google Play
"Best app I have ever seen woderfull, always one step ahead.",5,2023-03-19,Dashen,Google Play
Good apps,5,2023-03-19,Dashen,Google Play
Good application for people needs,5,2023-03-18,Dashen,Google Play
What the hell are you doing. How can you release an app update and completely ruin everything. I can even login to begin with. You took it from a 5 to a 1.,1,2023-03-18,Dashen,Google Play
comfortable,5,2023-03-18,Dashen,Google Play
Really what amazing application whcih easily friendly and convinant more finally I would like to say it alawyas updated and modified many times it lacks consistancy.,5,2023-03-13,Dashen,Google Play
Good,5,2023-03-09,Dashen,Google Play
This is good app,4,2023-03-08,Dashen,Google Play
Best mobile bank in Ethiopia i can access this service through different way. I love it,5,2023-02-27,Dashen,Google Play
Wow,5,2023-02-23,Dashen,Google Play
You have made the app more user friendly and easier to access any informantion. Great work from the developers. 👏👏👏,5,2023-02-18,Dashen,Google Play
"It is easy to use, fast and secure. I love it keep up the good work!",5,2023-02-15,Dashen,Google Play
Wow,4,2023-02-13,Dashen,Google Play
"Secure,Fast and Easy👍",5,2023-02-10,Dashen,Google Play
Dashin Bank,5,2023-02-05,Dashen,Google Play
It's good thanks you,5,2023-02-05,Dashen,Google Play
"Its very easy and usefull app,keep it up your good service.",5,2023-02-02,Dashen,Google Play
Excellent,5,2023-01-30,Dashen,Google Play
It's very good,5,2023-01-25,Dashen,Google Play
Good App,1,2023-01-20,Dashen,Google Play
Malif kani yeroo yerodhani update gafat kuni imo rakisadha,2,2023-01-19,Dashen,Google Play
ይመቻል,5,2023-01-10,Dashen,Google Play
Nice app,5,2023-01-10,Dashen,Google Play
"This version is better from the previous one, it's speed is admirable!",4,2023-01-01,Dashen,Google Play
Good app.,5,2022-12-30,Dashen,Google Play
Thanks for this application,5,2022-12-29,Dashen,Google Play
Abin kun hedduu midhagadhaa 👍😍,5,2022-12-28,Dashen,Google Play
It is very good,5,2022-12-28,Dashen,Google Play
Doesn't open.,1,2022-12-24,Dashen,Google Play
Why is not working,3,2022-12-18,Dashen,Google Play
It's nice app tanks befor.,5,2022-12-18,Dashen,Google Play
Nice,5,2022-12-16,Dashen,Google Play
"It's a good app. I like the summery it gives after every transaction. The problem is its asking me to update, when I try to update, it won't.",4,2022-12-15,Dashen,Google Play
It is helpful for my transactions.,5,2022-12-13,Dashen,Google Play
Fantastic app,5,2022-12-13,Dashen,Google Play
"It is nice app, secure. The problem is, it can not remember accounts I have previously transferred to. I have to manually enter account number every time I want to make transfers. The CBE app remembers previously used accounts. Learn from them.",4,2022-12-09,Dashen,Google Play
It's a great app,5,2022-12-08,Dashen,Google Play
Bad app,5,2022-12-07,Dashen,Google Play
